,Youtube Channel,Subscribers,Video Views,Video Count,Category,Started
0,T-Series,243000000,224881706554,19757,Music,2006
1,Cocomelon - Nursery Rhymes,160000000,161435301255,927,Education,2006
2,SET India,157000000,146246275148,113723,Shows,2006
3,Sony SAB,81600000,98603821529,69353,Shows,2007
4,‚úø Kids Diana Show,111000000,92321006440,1097,People & Blogs,2015
5,Like Nastya,106000000,89956905855,800,People & Blogs,2016
6,WWE,95200000,76590809077,69232,Sports,2007
7,Vlad and Niki,97700000,76255951806,561,Entertainment,2018
8,Zee TV,69400000,71539733613,126034,Entertainment,2005
9,Colors TV,63200000,60190628294,11059,Shows,2008
10,Movieclips,59400000,59176881671,38871,Film & Animation,2006
11,Zee Music Company,95500000,56961287918,8349,Music,2014
12,El Reino Infantil,57600000,56551023544,1471,Music,2011
13,netd m√ºzik,24000000,55536940351,23036,Music,2014
14,Ryan's World,34900000,54991159129,2414,Entertainment,2015
15,ABS-CBN Entertainment,43900000,50090155660,191466,People & Blogs,2008
16,Toys and Colors,39500000,46335699342,971,Entertainment,2016
17,ChuChu TV Nursery Rhymes & Kids Songs,65100000,45127639835,605,Education,2013
18,Super Simple Songs - Kids Songs,38600000,44034714118,724,Education,2006
19,Wave Music,57500000,40343309988,19404,Music,2014
20,HAR PAL GEO,42800000,39343220321,96133,Entertainment,2008
21,Little Baby Bum - Nursery Rhymes & Kids Songs,40800000,39304951144,2393,Education,2011
22,Pinkfong Baby Shark - Kids' Songs & Stories,67500000,38331036298,2794,Education,2011
23,Canal KondZilla,66500000,37518173352,2555,Music,2012
24,ARY Digital HD,42200000,36691093589,104884,Entertainment,2016
25,–ú–∞—à–∞ –∏ –ú–µ–¥–≤–µ–¥—å,42700000,36117171783,1431,Film & Animation,2011
26,WorkpointOfficial,38800000,35946688067,7165,Entertainment,2012
27,YRF,54000000,34768157601,3639,Film & Animation,2006
28,LankyBox,24900000,33448355637,829,Comedy,2016
29,Tips Official,58700000,32976587631,459,Music,2007
30,LooLoo Kids - Nursery Rhymes and Children's Songs,53800000,32073036420,679,Music,2014
31,BLACKPINK,89000000,31555348752,526,People & Blogs,2016
32,D Billions,26000000,31344278065,729,Other,2019
33,Get Movies,46600000,30469929901,3276,Entertainment,2006
34,Tsuriki Show,22000000,30426876415,2722,Entertainment,2019
35,Justin Bieber,71400000,30408972725,249,Music,2007
36,Bad Bunny,45900000,30203101760,130,Music,2014
37,Ed Sheeran,53400000,30117456435,356,Music,2006
38,Infobells - Hindi,51800000,29710507894,558,Education,2014
39,Ch3Thailand,33300000,29497889790,94595,Entertainment,2014
40,Taylor Swift,52200000,29324384897,214,Music,2006
41,T-Series Bhakti Sagar,60200000,29042176029,25753,Music,2011
42,PewDiePie,111000000,29011041143,4712,Gaming,2010
43,Sony Music India,56900000,28541179709,3712,Music,2009
44,Vijay Television,20000000,28402330470,48854,Entertainment,2007
45,Shemaroo Filmi Gaane,65100000,28357130586,839,Music,2010
46,HYBE LABELS,70800000,28139897961,1272,Music,2008
47,DisneyMusicVEVO,32400000,28133529426,2037,Music,2010
48,Sony PAL,37600000,27992864088,23591,Shows,2014
49,ŸÇŸÜÿßÿ© ÿ∑ŸäŸàÿ± ÿßŸÑÿ¨ŸÜÿ© | toyoraljanahtv,30100000,27519258102,3238,Entertainment,2008
50,Shakira,42900000,27161012004,315,People & Blogs,2005
51,SMTOWN,31700000,27098585722,4133,Music,2006
52,‡∏ä‡πà‡∏≠‡∏á one31,37200000,27084986656,114003,Entertainment,2013
53,SonyMusicIndiaVEVO,46200000,26900518442,3396,Music,2009
54,MrBeast,158000000,26836907689,739,Entertainment,2012
55,Galinha Pintadinha,33600000,26817190542,65,Film & Animation,2006
56,La Granja de Zen√≥n,35300000,26779887904,642,Music,2013
57,EminemMusic,56500000,26736376238,140,Music,2007
58,Speed Records,42400000,26626637697,10881,Music,2012
59,JustinBieberVEVO,31600000,26458567652,204,Music,2009
60,BabyBus - Kids Songs and Cartoons,32600000,26209932825,2075,Education,2016
61,5-Minute Crafts,79900000,26121558830,6268,Howto & Style,2016
62,Alan Chikin Chow,25000000,25808269940,812,Comedy,2020
63,GR6 EXPLODE,38800000,25676029817,4168,Music,2014
64,LeoNata Family,21000000,25655875289,218,People & Blogs,2021
65,Aditya Music India,28300000,25593280355,21446,Music,2008
66,StarPlus,30500000,25500407576,40345,Entertainment,2006
67,GMM GRAMMY OFFICIAL,23000000,25431664850,15199,Music,2010
68,Katy Perry,44200000,25307197707,123,Music,2008
69,TaylorSwiftVEVO,25700000,25264144278,264,Music,2009
70,Genevieve's Playhouse - Learning Videos for Kids,34500000,25065088582,611,Education,2016
71,shakiraVEVO,18400000,25048197917,196,Music,2009
72,Aaj Tak,57200000,24851820375,2701,News & Politics,2009
73,Maria Clara & JP,36700000,23923114288,734,People & Blogs,2015
74,FGTeeV,22100000,23888808924,171,Gaming,2013
75,1theK (ÏõêÎçîÏºÄÏù¥),24500000,23836711442,18294,Music,2011
76,Ariana Grande,52600000,23826962787,147,Music,2007
77,Masha and The Bear,41200000,23823806496,1172,Shows,2014
78,Goldmines,85900000,23704936980,6134,Film & Animation,2012
79,KatyPerryVEVO,24700000,23646269601,173,Music,2009
80,shfa2 - ÿ¥ŸÅÿß,39400000,23630017491,156,People & Blogs,2017
81,SSSniperWolf,33500000,23256085371,3313,Gaming,2013
82,Ozuna,36100000,23171270121,194,Music,2016
83,Vlad v√† Niki,37400000,23146534050,500,Other,2018
84,HUM TV,27500000,23130554223,102576,Entertainment,2011
85,CookieSwirlC,19800000,23113345239,3745,Entertainment,2013
86,The Weeknd,32400000,22939114947,140,Music,2011
87,J Balvin,34000000,22857170415,139,Music,2011
88,TheEllenShow,38200000,22720385239,15581,Entertainment,2006
89,etvteluguindia,19200000,22720237325,123985,Entertainment,2010
90,Peppa Pig - Official Channel,31000000,22602507654,3276,Film & Animation,2013
91,Daddy Yankee,37800000,22499211999,495,Music,2011
92,Little Angel: Nursery Rhymes & Kids Songs,30100000,22429011341,1308,Education,2015
93,A4,45600000,22375144945,763,Gaming,2014
94,Maroon 5,36600000,22369925694,171,Music,2006
95,Sesame Street,23300000,22324159345,3634,Entertainment,2006
96,Rihanna,41700000,22266450774,83,Entertainment,2005
97,Nick Jr.,27100000,22264196052,5368,Film & Animation,2012
98,Shemaroo,46800000,22227468126,11214,Entertainment,2007
99,Bollywood Classics,34700000,22080836493,1992,Music,2012
100,LUCCAS NETO - LUCCAS TOON,39200000,22079865161,2247,People & Blogs,2014
101,SMOL,20900000,21634338142,3483,People & Blogs,2021
102,Inside Edition,11900000,21506364856,30402,News & Politics,2012
103,shfa,38100000,21273306706,978,People & Blogs,2015
104,Spinnin' Records,30000000,21138873065,11377,Music,2007
105,T-Series Apna Punjab,34400000,21095779502,7594,Music,2011
106,Voot Kids,44900000,21081727093,4486,Entertainment,2016
107,Maluma,29200000,21056563459,27,Music,2018
108,Bounce Patrol - Kids Songs,27800000,20844198650,275,Music,2013
109,DONA ÎèÑÎÇò,31500000,20818241352,164,Entertainment,2018
110,jbalvinVEVO,13200000,20637371696,236,Music,2010
111,Disney Latinoam√©rica,21800000,20515125050,809,Entertainment,2007
112,BANGTANTV,75000000,20485354654,2217,Music,2012
113,EminemVEVO,24800000,20356279202,104,Music,2009
114,LEGO,16100000,20347026835,30651,Entertainment,2005
115,WORLDSTARHIPHOP,26400000,20260327304,6831,Music,2008
116,CVS 3D Rhymes & Kids Songs,33200000,20128407948,338,Education,2008
117,Markiplier,34900000,20103934661,5465,Gaming,2012
118,Sun TV,22100000,20023130779,56827,People & Blogs,2016
119,GRAMMY GOLD OFFICIAL,18500000,20009030522,6181,Music,2014
120,ArianaGrandeVevo,17700000,20004264579,178,Music,2010
121,Maroon5VEVO,14500000,19917347657,147,Music,2009
122,JYP Entertainment,27200000,19616677986,17,Music,2008
123,Like Nastya Show,42300000,19477379350,605,Entertainment,2017
124,dednahype,18600000,19362623845,1791,Comedy,2020
125,Badabun,46700000,19350951463,17851,Entertainment,2014
126,RihannaVEVO,25100000,19339696997,118,Music,2009
127,DanTDM,26900000,19312207949,3657,Gaming,2012
128,That Little Puff,22200000,19273558450,742,Pets & Animals,2020
129,Bruno Mars,36500000,19176039089,99,Music,2006
130,Marta and Rustam,19400000,19173737999,711,Comedy,2021
131,Rotana,21600000,19001248029,8357,Music,2012
132,MalumaVEVO,14100000,18895002633,181,Music,2011
133,PowerKids TV,36000000,18638632774,5119,Film & Animation,2014
134,GMA  Network,31400000,18476232849,86823,Entertainment,2006
135,Mar√≠lia Mendon√ßa,25900000,18434047734,126,Music,2013
136,ZEE5,14300000,18353547506,100252,Entertainment,2018
137,KAROL G,31700000,18182176406,130,Music,2013
138,Shorts Break,26700000,17916461753,431,Comedy,2021
139,BuzzFeedVideo,20200000,17902656743,7677,People & Blogs,2011
140,Like Nastya ESP,36800000,17866413651,728,Entertainment,2017
141,‡§µ‡•ç‡§≤‡§æ‡§¶ ‡§î‡§∞ ‡§®‡§ø‡§ï‡§ø‡§§‡§æ,30000000,17820235988,517,Other,2018
142,infobells - Tamil,28800000,17805078292,540,Education,2014
143,Eros Now Music,32500000,17713357007,9824,Entertainment,2007
144,SonyMusicSouthVEVO,17900000,17639588965,563,Music,2014
145,David Guetta,25500000,17594572432,736,Music,2009
146,Enrique Iglesias,23700000,17543142190,441,Music,2007
147,mmoshaya,22500000,17417639036,1184,People & Blogs,2010
148,Aphmau,17100000,17409536719,4362,Gaming,2012
149,Ishtar Music,40900000,17369772390,4611,Trailers,2005
150,Beyonc√©,25900000,17225907514,239,Music,2005
151,Sagawa /„Åï„Åå„Çè,20300000,17128181921,582,Entertainment,2021
152,ViralHog,12500000,17120347388,39794,People & Blogs,2014
153,Ultra Records,29500000,17114300503,4859,Music,2006
154,The Tonight Show Starring Jimmy Fallon,31100000,17099437732,8935,Comedy,2006
155,Romeo Santos,20800000,17093573749,54,Music,2005
156,Coldplay,25100000,17092426508,392,Music,2010
157,BETER B√ñC√úK,29200000,16980543673,2415,Other,2012
158,TheWeekndVEVO,10500000,16960300397,191,Music,2011
159,Dan Rhodes,24100000,16915833893,1637,Entertainment,2015
160,MBCentertainment,8950000,16911681731,97966,Entertainment,2009
161,WowKidz,31600000,16809238092,4236,Film & Animation,2015
162,Yoeslan,19200000,16746071769,565,Entertainment,2020
163,Dushyant kukreja,26100000,16697881479,851,Entertainment,2015
164,ImagineDragons,30600000,16577285318,87,Music,2009
165,El Payaso Plim Plim,17100000,16571420631,1257,Film & Animation,2013
166,Felipe Neto,45000000,16483211647,4254,Entertainment,2006
167,Mundo Bita,12300000,16436434452,234,Music,2011
168,Zee News,30200000,16407406698,175814,News & Politics,2007
169,Worldwide Records Bhojpuri,31500000,16342258711,6398,Music,2012
170,Jkk Entertainment,37200000,16293230312,216,Comedy,2017
171,WatchMojo.com,25100000,16290607002,24505,Music,2007
172,Come Play With Me,13700000,16278344084,402,Entertainment,2014
173,jacksepticeye,29800000,16184887824,5112,Gaming,2007
174,Fischer's-„Éï„Ç£„ÉÉ„Ç∑„É£„Éº„Ç∫-,8070000,16162079284,3151,Entertainment,2012
175,Mazhavil Manorama,15000000,16141135522,85443,Entertainment,2011
176,toyorbabytv,22600000,16093391703,1144,Music,2012
177,Dude Perfect,59400000,16092255296,382,Sports,2009
178,Mother Goose Club Playhouse,17900000,16068522726,1406,Shows,2009
179,IGN,17500000,15960875871,15516,Gaming,2006
180,Koray Zeynep,16800000,15934749108,1972,People & Blogs,2016
181,Calvin Harris,19000000,15899653763,79,Music,2007
182,IndiaTV,35100000,15885550890,268701,News & Politics,2006
183,ToyPuddingTV,27100000,15879998535,2445,Entertainment,2014
184,MoniLina,12100000,15876306246,754,Comedy,2021
185,Goldmines Gaane Sune Ansune,37800000,15858415995,3498,Music,2015
186,KL BRO Biju Rithvik,19400000,15856738642,1752,Entertainment,2020
187,Mikecrack,37600000,15829186862,1832,Gaming,2015
188,NickyJamTV,23500000,15812388592,385,Music,2012
189,Ultra Bollywood,36400000,15735986327,9102,Trailers,2009
190,PANDA BOI,23900000,15620693619,922,Entertainment,2020
191,ÍπÄÌîÑÎ°ú KIMPRO,14400000,15620499624,1429,Other,2017
192,Lady Gaga,23100000,15581272856,172,People & Blogs,2008
193,toycantando,27500000,15574253904,586,Music,2009
194,VanossGaming,25800000,15480330074,1738,Gaming,2011
195,shfa show India,23900000,15472017860,453,Other,2019
196,Mister Max,23700000,15466789634,1092,People & Blogs,2014
197,ZutiGang,14400000,15444664748,128,People & Blogs,2021
198,Disney Junior,15700000,15417872039,3897,Entertainment,2008
199,VEGETTA777,33800000,15377390260,7532,Gaming,2008
200,Chris Brown,25100000,15358251629,29,Music,2006
201,EnriqueIglesiasVEVO,12900000,15354197058,137,Music,2009
202,Junya.„Åò„ÇÖ„Çì„ÇÑ,24800000,15293198977,544,Entertainment,2020
203,KarolGVEVO,3790000,15257781473,85,Music,2016
204,Asianet,9290000,15179054446,115787,Entertainment,2008
205,Luis Fonsi,31400000,15094803866,171,Entertainment,2014
206,Talking Tom,30000000,15091639485,513,Comedy,2010
207,Drake,28000000,15086193343,58,Music,2009
208,Family Fun Pack,10100000,15085433449,2474,People & Blogs,2011
209,KBS WORLD TV,18900000,15013630792,6363,Entertainment,2007
210,Saregama Music,34300000,15000242914,7406,Entertainment,2013
211,SportsNation,11400000,14960218924,3762,Sports,2009
212,Raffy Tulfo in Action,26300000,14887257788,9863,News & Politics,2016
213,Mnet K-POP,20500000,14846600556,32398,Entertainment,2006
214,Zhong,27800000,14845447997,1451,Entertainment,2015
215,Tlnovelas,21300000,14789843349,38268,News & Politics,2013
216,Topper Guild,19900000,14737236806,759,Comedy,2014
217,Jelly,23500000,14729936267,6018,Gaming,2014
218,Tarang TV,7360000,14716843987,48332,Entertainment,2012
219,Saturday Night Live,13600000,14656610231,833,Entertainment,2013
220,Miss Katy,23500000,14626592018,1036,People & Blogs,2014
221,Blippi - Educational Videos for Kids,17800000,14612710021,664,Education,2014
222,infobells - Telugu,27800000,14601447671,491,Education,2014
223,Fox News,10500000,14587593627,92773,News & Politics,2006
224,Rajshri,33000000,14573468025,3639,Music,2006
225,JuegaGerman,48000000,14566600619,205,Gaming,2013
226,PopularMMOs,17100000,14559627322,4685,Gaming,2012
227,Marshmello,56300000,14554453669,431,Entertainment,2015
228,Anuel AA,24700000,14491240498,145,Music,2016
229,LuisFonsiVEVO,17000000,14479464779,97,Music,2009
230,Genierock,15300000,14465492559,1696,Music,2008
231,7clouds,19700000,14463757336,2338,Music,2013
232,Henrique e Juliano,15500000,14419246381,323,Music,2009
233,And TV,17600000,14381524402,33891,Entertainment,2015
234,Thairath Online,16100000,14361574640,239739,News & Politics,2010
235,Younes Zarou,15000000,14322632684,206,Entertainment,2021
236,CalvinHarrisVEVO,11700000,14243654579,182,Music,2009
237,Michael Jackson,28000000,14218869893,15,Music,2005
238,XO TEAM,15300000,14211898687,3069,People & Blogs,2021
239,Post Malone,25300000,14183960879,73,Music,2011
240,The Chainsmokers,22500000,14131616154,177,Music,2012
241,mujjuu___14,23400000,14093743334,834,People & Blogs,2020
242,Beyonc√©VEVO,12800000,14076170260,168,Music,2009
243,Adele,30100000,14034726638,15,Music,2008
244,TRANS7 OFFICIAL,24900000,14027881603,87878,Entertainment,2014
245,Trap Nation,30400000,13977658881,2695,Music,2012
246,CNN,15100000,13972983102,159727,News & Politics,2005
247,Filaretiki,12300000,13956817260,2034,Other,2021
248,RomeoSantosVEVO,8810000,13931118956,210,Music,2011
249,Turma da M√¥nica,18900000,13728886993,1141,Film & Animation,2012
250,ImagineDragonsVEVO,9630000,13712510656,195,Music,2012
251,ChrisBrownVEVO,11900000,13684251718,298,Music,2009
252,Gusttavo Lima Oficial,19900000,13681762808,368,Music,2010
253,Sony AATH,19300000,13623583630,18144,Shows,2013
254,SSundee,22300000,13606904636,3283,Gaming,2009
255,Boram Tube Vlog [Î≥¥ÎûåÌäúÎ∏å Î∏åÏù¥Î°úÍ∑∏],30200000,13520150582,223,Entertainment,2012
256,One Direction,38100000,13506663236,157,Music,2010
257,Billie Eilish,47800000,13476321402,54,Music,2013
258,ETV Jabardasth,13900000,13391689290,928,People & Blogs,2015
259,LadyGagaVEVO,8960000,13373166438,205,Music,2009
260,RCTI - LAYAR DRAMA INDONESIA,16400000,13371647035,71335,Entertainment,2015
261,NichLmao,24500000,13336887138,826,People & Blogs,2018
262,Sia,22500000,13291351426,171,Music,2007
263,Fueled By Ramen,14800000,13283880495,1207,Music,2006
264,Wiz Khalifa,27400000,13273367710,666,Music,2008
265,Spider Slack,22900000,13232353188,843,Comedy,2020
266,ANNA KOVA,11600000,13223533321,2608,People & Blogs,2020
267,Masha y el Oso,27700000,13219481297,1071,Film & Animation,2016
268,Linkin Park,20300000,13205249008,716,Music,2006
269,Omar Raja - ESPN,8330000,13142635824,1898,Sports,2007
270,REACT,20000000,13112666703,4226,Entertainment,2007
271,Jimmy Kimmel Live,19100000,13095591498,6526,Entertainment,2006
272,Rotten Tomatoes Trailers,15700000,13068327378,10272,Film & Animation,2011
273,BabyBus - Canciones Infantiles & Videos para Ni√±os,22700000,13065479885,1214,Education,2018
274,rezendeevil,32000000,13019923012,11844,Gaming,2012
275,Kids TV - Nursery Rhymes And Baby Songs,22400000,13004333004,375,Shows,2013
276,Chapitosiki,14200000,12992450866,2497,Entertainment,2020
277,YoungBoy Never Broke Again,12600000,12975766487,141,Entertainment,2015
278,Selena Gomez,33500000,12875111819,188,Film & Animation,2008
279,ABP NEWS,36700000,12859048244,288616,People & Blogs,2012
280,Wave Music Bhojpuri,22900000,12827606742,22391,Music,2014
281,AMARINTV : ‡∏≠‡∏°‡∏£‡∏¥‡∏ô‡∏ó‡∏£‡πå‡∏ó‡∏µ‡∏ß‡∏µ,17200000,12826135725,114154,Entertainment,2014
282,Beam Copphone,7760000,12766723010,2843,Entertainment,2012
283,Jake Fellman,17200000,12763362733,409,Entertainment,2012
284,Alan Walker,43400000,12744898522,397,Music,2012
285,ABC News,14400000,12741294902,79702,News & Politics,2006
286,Shawn Mendes,29900000,12727958339,133,Music,2011
287,Geet MP3,34100000,12626420881,647,Music,2016
288,GMMTV OFFICIAL‚Äã‚Äã,16200000,12623858793,23333,Entertainment,2010
289,DisneyChannelUK,12400000,12572402135,4409,Music,2007
290,ISSEI / „ÅÑ„Å£„Åõ„ÅÑ,13400000,12528026394,1801,Comedy,2014
291,Kashvi Adlakha,15100000,12518386905,1471,Entertainment,2017
292,NBA,20600000,12464762833,47252,Sports,2005
293,Êù±Êµ∑„Ç™„É≥„Ç®„Ç¢,6890000,12461081587,2774,Comedy,2013
294,Zee Telugu,13800000,12431346346,145272,Entertainment,2008
295,Atlantic Records,13800000,12416623248,1625,Music,2006
296,Alfredo Larin,14300000,12390597424,1767,Entertainment,2017
297,Pitbull,16300000,12378494807,350,Music,2006
298,Daniel LaBelle,23000000,12321744572,279,Comedy,2009
299,AdeleVEVO,15100000,12315616729,52,Music,2009
300,Jojo Sim,9940000,12298365518,1572,Entertainment,2013
301,ItsFunneh,10100000,12242997549,2576,Gaming,2011
302,CKN,18700000,12241740756,478,Entertainment,2015
303,Like Nastya AE,24000000,12225958326,645,Entertainment,2018
304,Diana and Roma ESP,30400000,12207117963,567,Other,2016
305,michaeljacksonVEVO,8060000,12201791105,138,Music,2009
306,Dangal TV Channel,20500000,12196421967,18737,Entertainment,2017
307,Kaji Family,9140000,12153809202,1036,Entertainment,2016
308,Gulshan Kalra,25500000,12115931158,529,Howto & Style,2018
309,Zadruga Official,2180000,12093168742,147147,Entertainment,2018
310,OneDirectionVEVO,21800000,12080512766,266,Music,2010
311,The McCartys,7800000,12067698469,2203,Entertainment,2013
312,Colors Rishtey,14300000,11998032203,2221,Entertainment,2013
313,Ajay Sharma,17600000,11993669539,873,Entertainment,2012
314,Jamuna TV,13800000,11956209621,106814,News & Politics,2017
315,As/Is,10400000,11917405085,4824,People & Blogs,2013
316,SOMOY TV,19400000,11912242952,141571,News & Politics,2015
317,ChainsmokersVEVO,11000000,11900180173,247,Music,2012
318,eltrece,12200000,11899992076,164212,Entertainment,2014
319,Dylan Anderson,6670000,11890162225,1109,Other,2010
320,Lahari Music - TSeries,16500000,11834462438,8887,Music,2011
321,House of Highlights,9360000,11754588085,3511,Sports,2018
322,JTBC Entertainment,7630000,11730877278,78908,Entertainment,2012
323,DisneyJuniorUK,11300000,11717307341,2797,Entertainment,2010
324,BabyBus - Cerita & Lagu Anak-anak,20100000,11703881368,830,Education,2019
325,KOMPASTV,14900000,11702806835,262525,News & Politics,2013
326,Codiscos,13300000,11647321422,7328,Music,2007
327,Mnet TV,9060000,11594665155,22343,Entertainment,2013
328,Ishaan Ali 11,18800000,11589402335,895,People & Blogs,2016
329,LittleGlove,11400000,11542810475,1566,People & Blogs,2020
330,–õ—É–Ω—Ç–∏–∫,7620000,11508088005,1475,Film & Animation,2007
331,FAMILY BOOMS,10100000,11483563829,1166,Entertainment,2021
332,RsiamMusic : ‡∏≠‡∏≤‡∏£‡πå‡∏™‡∏¢‡∏≤‡∏°,18300000,11480822473,3047,Music,2011
333,Like Nastya PRT,22500000,11461906841,641,Entertainment,2019
334,Flowers Comedy,12400000,11460044094,11594,Entertainment,2015
335,Mr DegrEE,14000000,11445016169,1273,Science & Technology,2017
336,Los √Ångeles Azules,8760000,11417913645,114,People & Blogs,2011
337,FFUNTV,15300000,11409107782,379,Gaming,2018
338,KHANDESHI MOVIES,33400000,11370269384,213,Comedy,2013
339,El Reino a Jugar,17100000,11348507944,989,Education,2015
340,Z√© Neto e Cristiano,15000000,11327666338,319,Music,2012
341,Zee Bangla,14000000,11326707100,135555,Entertainment,2008
342,SelenaGomezVEVO,14400000,11314257045,186,Music,2009
343,Cartoon Network,11500000,11291696684,4918,Entertainment,2006
344,Rauw Alejandro,12800000,11274526535,153,Music,2014
345,Lucas and Marcus,31100000,11273289584,1256,Entertainment,2011
346,Pencilmation,20000000,11267768056,146,Film & Animation,2007
347,Enaldinho,28200000,11266909640,3561,Comedy,2012
348,Britain's Got Talent,19600000,11236248289,4177,Entertainment,2008
349,Woody & Kleiny,13200000,11230545543,939,Comedy,2013
350,GMA Public  Affairs,21100000,11207871991,30902,Entertainment,2009
351,Taylor Red TV,9110000,11188784059,1095,Music,2021
352,Zee Tamil,12300000,11156939067,99425,Entertainment,2008
353,Jingle Toons,33300000,11148233161,237,Film & Animation,2013
354,Dua Lipa,21700000,11140498250,164,Music,2011
355,Blippi Toys,10600000,11138493248,564,People & Blogs,2015
356,YTN,3950000,11124145280,681318,News & Politics,2013
357,Indosiar,25200000,11118361253,64455,Music,2013
358,TV9 Marathi,8470000,11071630909,283341,News & Politics,2014
359,O Reino Infantil,14500000,11059879195,1176,Music,2014
360,MBCNEWS,3370000,11031271289,18729,News & Politics,2006
361,ÿßŸÑŸÄÿ±ŸäŸÖÿßÿ≥ - Al-Remas,17300000,11023447647,2096,Music,2013
362,Dhar Mann,18200000,10999587030,874,People & Blogs,2018
363,Kinder Spielzeug Kanal (Kidibli),21900000,10985344263,971,Entertainment,2015
364,Diana and Roma ARA,24000000,10955624422,579,Other,2019
365,HikakinTV,11300000,10954537523,3316,Comedy,2011
366,‡§π‡§ø‡§Ç‡§¶‡•Ä - Genevieve's Playhouse,20200000,10946027081,106,Education,2018
367,Taarak Mehta Ka Ooltah Chashmah,16800000,10939446724,4424,Entertainment,2014
368,BehindwoodsTV,12000000,10916895007,49789,Entertainment,2010
369,WB Kids,24900000,10878413584,1992,People & Blogs,2015
370,Official Pink Panther,19500000,10839327779,713,Film & Animation,2013
371,Ninja Kidz TV,20300000,10830962302,294,Entertainment,2017
372,White Hill Music,22900000,10821631150,5629,Entertainment,2014
373,Think Music India,13600000,10820008075,4858,Music,2009
374,OYUNCAKOYNUYORUM,11400000,10819743528,876,Entertainment,2016
375,Star Maa,8270000,10794185493,39464,Shows,2006
376,SiaVEVO,9610000,10742922500,109,Music,2009
377,Black Eyed Peas,12100000,10741101541,98,Music,2007
378,Queen Official,16900000,10732131772,983,Music,2008
379,ShawnMendesVEVO,10400000,10702482979,147,Music,2014
380,BRIGHT SIDE,44500000,10687457246,5952,Howto & Style,2017
381,K√™nh Thi·∫øu Nhi - BHMEDIA,11600000,10677173428,9343,Film & Animation,2014
382,LIV Crime,20300000,10636643280,9101,People & Blogs,2020
383,officialpsy,18100000,10625478497,130,Music,2010
384,Mother Goose Club,9240000,10612601431,1422,Education,2008
385,LosAngelesAzulesVEVO,1640000,10587983966,108,Music,2009
386,Dave and Ava - Nursery Rhymes and Baby Songs,15200000,10581553003,824,Education,2014
387,Lyrical Lemonade,20900000,10531311706,418,Entertainment,2013
388,Becky G,21200000,10520776254,78,Music,2011
389,Mr Bean,31900000,10519451623,3023,Shows,2006
390,–°–¢–°,12100000,10513896681,10764,People & Blogs,2007
391,Vlad and Niki Arabic,22300000,10513734006,511,Other,2018
392,Alejo Igoa,23400000,10492749166,766,Comedy,2014
393,NoCopyrightSounds,33400000,10463551851,1305,Music,2011
394,XXXTENTACION,39000000,10438421806,132,Music,2015
395,Polimer News,8930000,10413019001,19591,News & Politics,2014
396,PitbullVEVO,9430000,10403859053,197,Music,2009
397,–¢–µ—Ä–µ–º–æ–∫ –¢–í,11800000,10376092175,3073,Entertainment,2012
398,Smosh,25000000,10352137333,1595,Comedy,2005
399,Sebasti√°n Yatra,17900000,10338754377,236,News & Politics,2013
400,Troom Troom,23700000,10322106847,2344,Howto & Style,2015
401,Robin Hood Gamer,20000000,10308811644,4004,Entertainment,2014
402,ABS-CBN News,15000000,10293677862,190556,News & Politics,2009
403,enchufetv,26700000,10290070849,941,Comedy,2011
404,Fernanfloo,46000000,10283997115,543,Gaming,2011
405,Priyal Kukreja,16100000,10247124814,731,People & Blogs,2021
406,imkavy,8450000,10221084609,216,People & Blogs,2015
407,YimYam TV,8690000,10208327691,2709,People & Blogs,2015
408,Avicii,20600000,10200022564,153,Music,2009
409,MSNBC,5690000,10180098842,6824,News & Politics,2011
410,ESPN,9370000,10158837760,67374,Sports,2005
411,Jennifer Lopez,16200000,10153485079,258,Music,2005
412,Desi Music Factory,33700000,10138520569,130,Music,2014
413,Nicki Minaj,25500000,10136693910,41,Music,2013
414,‚òÖ Kids Roma Show,27000000,10122570139,635,People & Blogs,2015
415,Family Fitness,12000000,10122016003,164,Entertainment,2017
416,The Lallantop,24800000,10101369049,49527,News & Politics,2015
417,SAM SMITH,16300000,10066688609,215,Music,2012
418,Flamingo,11800000,10023127200,2411,Gaming,2017
419,Zee ‡§Æ‡§∞‡§æ‡§†‡•Ä,9300000,10019074753,115392,Entertainment,2007
420,Kan & Aki's CHANNEL„Åã„Çì„ÅÇ„Åç„ÉÅ„É£„É≥„Éç„É´,3670000,9967797252,2573,People & Blogs,2010
421,DopeLyrics,15900000,9950102904,2026,Music,2016
422,TV9 Bharatvarsh,14000000,9938698354,27748,People & Blogs,2018
423,50 Cent,14800000,9930696191,419,Music,2007
424,The Late Late Show with James Corden,28400000,9926662203,5814,Entertainment,2006
425,JesseAndMike,13000000,9922681150,703,Entertainment,2007
426,SQUEEZIE,18100000,9917123037,1516,Gaming,2011
427,RizaNovaUZ,10000000,9858348078,8335,Music,2013
428,Aditya Movies,28000000,9842734199,5296,Movies,2012
429,Chetan Monga Vlogs,14400000,9835592151,882,People & Blogs,2014
430,Future,12700000,9819121978,58,Music,2011
431,Salman Noman,15500000,9818401699,684,Entertainment,2013
432,Charlie Puth,22000000,9794574287,152,Music,2009
433,Tool Items,7110000,9778558845,278,People & Blogs,2012
434,Saito „Åï„ÅÑ„Å®„ÅÜ,8950000,9777818661,3277,Other,2021
435,Vania Mania Kids,22300000,9773106479,969,People & Blogs,2015
436,Tv9 Kannada,9530000,9770725639,259206,News & Politics,2010
437,Like Nastya VNM,17800000,9769603581,586,Entertainment,2019
438,Enes Batur,15900000,9758430333,1986,Gaming,2012
439,Lizos Music,7350000,9756668060,557,Music,2014
440,–†–æ—Å—Å–∏—è 24,8850000,9756218275,258594,News & Politics,2012
441,SEVENGERS,13600000,9752053806,833,Comedy,2018
442,„ÅØ„Åò„ÇÅ„Åó„ÇÉ„Å°„Çá„ÉºÔºàhajimeÔºâ,10500000,9734073069,2773,Entertainment,2012
443,Volga Video,15600000,9729280722,16664,Film & Animation,2012
444,SCTV,19600000,9717885116,52816,Entertainment,2011
445,avex,5960000,9669429660,15238,Music,2008
446,BeckyGVEVO,6270000,9663954176,116,Music,2012
447,Green Gold TV - Official Channel,19900000,9660643722,1686,Film & Animation,2011
448,Ray William Johnson,14700000,9659447579,1715,Entertainment,2008
449,Azhan5star,20300000,9656964000,627,Entertainment,2021
450,BlackEyedPeasVEVO,3860000,9654474029,128,Music,2009
451,TRANS TV Official,17100000,9651948646,146196,Entertainment,2014
452,Sony Music South,14600000,9650185126,2618,Music,2014
453,BillionSurpriseToys  - Nursery Rhymes & Cartoons,51800000,9648015010,795,Education,2013
454,BBC,13500000,9636859008,15626,Pets & Animals,2005
455,BillieEilishVEVO,1090000,9632862463,109,Music,2016
456,Little Angel Espa√±ol - Canciones Infantiles,18900000,9618780604,695,Education,2018
457,Gallina Pintadita,13900000,9583401545,62,Music,2011
458,Las Ratitas,25100000,9577882282,225,People & Blogs,2015
459,Vlad and Niki IDN,20500000,9556668085,483,Other,2018
460,DrakeVEVO,9210000,9547460206,117,Music,2009
461,The Dodo,13700000,9543396540,7755,Pets & Animals,2014
462,Jane & Sergio ü•∞,11500000,9538235101,1297,Other,2018
463,Jason Derulo,17600000,9530477751,640,Music,2008
464,–ü–æ–∑–Ω–∞–≤–∞—Ç–µ–ª—å,18700000,9510467390,525,Entertainment,2014
465,tvN D ENT,4380000,9508690852,26573,Entertainment,2013
466,Me contro Te,6560000,9507612430,2493,Entertainment,2014
467,La Rosa de Guadalupe,15900000,9505118360,7783,Entertainment,2015
468,Sun Bangla,8760000,9491381317,20102,Entertainment,2018
469,HUBAÌõÑÎ∞î,12600000,9480568650,515,Entertainment,2021
470,POPS Kids,16000000,9467045692,3885,Music,2014
471,Techno Gamerz,33700000,9463684045,935,Gaming,2017
472,Stone Music Entertainment,10600000,9459178358,10114,Music,2011
473,Farruko,18700000,9456351212,207,Music,2009
474,GMA Integrated News,13300000,9446343611,291836,News & Politics,2007
475,Peet Montzingo,12800000,9416875430,306,People & Blogs,2014
476,Family Box,11600000,9370055593,1178,People & Blogs,2015
477,Ch7HD,16200000,9357749392,53961,Entertainment,2010
478,DUDU e CAROL,21300000,9357260386,2934,Autos & Vehicles,2013
479,V6 News Telugu,8920000,9356412267,250319,News & Politics,2013
480,Major Lazer Official,14700000,9328001440,437,Music,2009
481,GMM25Thailand,14400000,9321615213,66521,Entertainment,2011
482,Cartoon Network UK,9710000,9302914717,4715,Entertainment,2007
483,ILYA BORZOV,14100000,9290975946,2119,People & Blogs,2021
484,SriBalajiMovies,16400000,9250500549,19289,Entertainment,2011
485,Danny Fitt,16000000,9248719578,2243,People & Blogs,2016
486,The Late Show with Stephen Colbert,9130000,9240643596,1035,Entertainment,2015
487,Eva Bravo Play,21500000,9237306180,219,Entertainment,2019
488,zbing z.,17500000,9202832169,3091,Gaming,2014
489,FV FAMILY,10200000,9200983032,745,Comedy,2018
490,TIKTORIKI,5280000,9198105756,652,Comedy,2021
491,ÏõÉÏõÉTwinsFromRussia,12800000,9194514480,6739,People & Blogs,2011
492,Adam W,12600000,9188273646,663,Comedy,2015
493,KBS Entertain,5160000,9162433077,118017,Entertainment,2011
494,Don Omar,10100000,9157304973,179,Music,2009
495,Aayu and Pihu Show,16800000,9149290776,429,Comedy,2017
496,Bobby chourasiya,16500000,9140190837,419,People & Blogs,2019
497,Hear This Music,14500000,9137727369,39,Music,2016
498,AviciiOfficialVEVO,10700000,9129854650,137,Music,2011
499,How Ridiculous,17400000,9121873889,642,Sports,2009
500,Tilak,22300000,9083481597,6165,Film & Animation,2020
501,Guava Juice,16900000,9074504549,1909,Gaming,2006
502,POCOY√ì en ESPA√ëOL - Canal Oficial,12100000,9064864170,1735,Film & Animation,2007
503,Sourav Joshi Vlogs,21200000,9051047597,1343,People & Blogs,2019
504,MK MUSIC,15800000,9039164030,5047,Music,2010
505,Rano's Home ÿ±ÿßŸÜŸà ŸáŸàŸÖ,6580000,9010380709,1349,People & Blogs,2020
506,karameeshchannel,13800000,9005412903,2237,Entertainment,2012
507,Jorge & Mateus Oficial,14800000,8971366311,318,Music,2008
508,MBCkpop,10400000,8970209348,46282,Music,2011
509,Zig & Sharko,14400000,8963596506,959,Film & Animation,2015
510,mingweirocks,8880000,8955385070,572,Comedy,2018
511,JenniferLopezVEVO,6850000,8945521940,123,Music,2009
512,Les' Copaque Production,17500000,8925014285,1681,Film & Animation,2009
513,YOLO AVENTURAS,29300000,8922556714,158,People & Blogs,2018
514,Thanthi TV,8370000,8920341107,295465,News & Politics,2012
515,AuthenticGames,20100000,8914128118,4932,Gaming,2011
516,Sevimli Dostlar,8260000,8913156712,829,Education,2013
517,Guns N' Roses,11300000,8907116253,31,Music,2018
518,Brancoala,11900000,8900649475,1879,Entertainment,2008
519,Kids Line‚ô°„Ç≠„ÉÉ„Ç∫„É©„Ç§„É≥,13200000,8899016227,2709,People & Blogs,2011
520,The Vishal bhatt,12600000,8886865053,981,Comedy,2021
521,Blippi Espa√±ol,15400000,8878842142,579,People & Blogs,2017
522,TheMermaidscales,8190000,8877930442,2347,Entertainment,2017
523,ABP MAJHA,10700000,8871892818,296055,News & Politics,2014
524,unknown boy varun,22100000,8859433179,419,Music,2016
525,Jason Vlogs,17100000,8804621752,759,Education,2015
526,Unspeakable,15600000,8803583330,775,Gaming,2016
527,PostMaloneVEVO,3880000,8797988386,85,Music,2014
528,NickiMinajAtVEVO,12600000,8789162995,99,Music,2010
529,5-Minute Crafts Recycle,14800000,8789126012,3696,People & Blogs,2019
530,Rub√©n Tuesta oficial,14200000,8779258434,881,Comedy,2016
531,With Kids[ÏúÑÎìúÌÇ§Ï¶à],16600000,8777823473,907,Entertainment,2012
532,A2 Motivation by Arvind Arora,14700000,8764866639,3007,Entertainment,2017
533,Netflix Jr.,14500000,8762380121,1943,Education,2012
534,HobbyFamilyTV,4800000,8759980169,3538,Entertainment,2013
535,SBS Entertainment,6770000,8758707751,226734,Entertainment,2011
536,LazarBeam,20500000,8738106071,1322,Gaming,2015
537,Fozi Mozi,9800000,8728275723,972,Entertainment,2009
538,Little Angel - M√∫sicas Infantis em Portugu√™s,14900000,8718394260,775,Entertainment,2018
539,SebastianYatraVEVO,2800000,8703490560,117,Music,2014
540,Good Mythical Morning,18200000,8702599730,3285,Entertainment,2008
541,Ian Boggs,12500000,8698774782,1269,Entertainment,2010
542,Manchurek Triplets,7890000,8692772784,2096,Comedy,2020
543,Manorama News,7700000,8678405490,415239,News & Politics,2014
544,Heroindori,20600000,8657251927,462,Comedy,2020
545,DisneyMusicLAVEVO,9450000,8653223330,651,Music,2016
546,tabii Urdu,19500000,8650804485,1243,Entertainment,2020
547,ÿ¥ÿ®ŸÉÿ© ÿßŸÑÿπÿßÿ® ÿßŸÑÿπÿ±ÿ® | Arab Games Network,18000000,8644056423,6161,Gaming,2013
548,SKITS,8530000,8640180178,266,Entertainment,2021
549,Smile Family,22300000,8631384152,501,People & Blogs,2018
550,Luke Davidson,11000000,8620274693,887,Entertainment,2012
551,Pop Chartbusters,16800000,8601384247,2229,Music,2011
552,Meghan Trainor,14700000,8580978379,225,People & Blogs,2008
553,Caso Cerrado,11000000,8567747284,3925,Entertainment,2015
554,Luisito Comunica,40400000,8561326655,1256,Comedy,2012
555,THE BROWN SIBLINGS,14700000,8542769438,912,Entertainment,2016
556,NFL,11200000,8525888777,29984,Sports,2014
557,Telemundo,14500000,8524314515,19099,Entertainment,2007
558,Goldmines Dishoom,27700000,8520481194,3769,Film & Animation,2016
559,TV9 Telugu Live,10000000,8500380585,261501,Entertainment,2011
560,Goldmines Bollywood,25900000,8494373067,3473,Film & Animation,2015
561,OTV,9170000,8491978487,249786,News & Politics,2012
562,AC/DC,9920000,8483296965,140,Music,2005
563,Christian Nodal,10700000,8468446245,15,People & Blogs,2017
564,M2DK.„Éû„ÉÑ„ÉÄÂÆ∂„ÅÆÊó•Â∏∏,8880000,8457580140,4484,Comedy,2020
565,SamSmithVEVO,6350000,8444835971,147,Music,2013
566,CS Bisht Vines,11300000,8434964017,109,Film & Animation,2017
567,Star Jalsha,8840000,8424871253,29456,Shows,2011
568,VENDY YADUWANSHI,11700000,8424610300,832,Entertainment,2020
569,kevingatesTV,8050000,8420974844,418,Music,2012
570,Luli Pamp√≠n,13800000,8387400263,287,Music,2012
571,SHOPEE Indonesia,2820000,8382306261,5605,People & Blogs,2015
572,Team Coco,8630000,8374260040,10527,Comedy,2008
573,Jessi & Sean,8060000,8364997205,496,Other,2011
574,Jeevan Akawa,9310000,8356988184,1946,Other,2014
575,DJ Snake,24100000,8353847083,241,Music,2008
576,Prime Video India,14000000,8338877690,6574,Entertainment,2016
577,MSA previously My Story Animated,17400000,8329442773,1083,Film & Animation,2019
578,Oyuncak Avƒ±,15200000,8328616873,657,Entertainment,2014
579,Natan por A√≠,11600000,8328327298,1154,Sports,2017
580,KanalD,8060000,8301570679,28138,Entertainment,2006
581,Poll Production,5400000,8300143756,6366,Music,2011
582,–í–ª–∞–¥ –∏ –ù–∏–∫–∏—Ç–∞,13600000,8297677218,489,Other,2018
583,German Spidey,7530000,8293382683,117,Comedy,2021
584,Britney Spears,10200000,8281056768,68,Music,2005
585,Slogo,11300000,8277210230,582,Gaming,2013
586,Reik,9700000,8261175697,181,Music,2005
587,invictor,21000000,8260930509,2249,Gaming,2013
588,Apu Alone,5870000,8250372316,2686,Comedy,2021
589,Vlad and Niki ESP,21300000,8223827642,500,Other,2018
590,Annoying Orange,11800000,8220819687,2031,Shows,2010
591,Wow Kidz Action,18700000,8211025304,1688,Film & Animation,2017
592,News 24,17600000,8205399369,215536,News & Politics,2014
593,Gaby and Alex,17000000,8195488701,360,Entertainment,2012
594,Masha e o Urso,18700000,8193357392,1083,Shows,2016
595,Lady Diana,13400000,8192330839,1385,Entertainment,2016
596,Cat Music,7390000,8184497773,2653,Music,2007
597,Harpreet SDC,10900000,8140626782,2164,Entertainment,2019
598,Videogyan Kids - Learning Videos & Nursery Rhymes,11200000,8120922346,1014,Education,2011
599,Nickelodeon,10300000,8116521201,4567,Entertainment,2005
600,Romina Gafur,5220000,8099237569,2684,Entertainment,2015
601,Preston,23700000,8095509361,3987,Gaming,2012
602,ŸÖÿßÿ¥ÿß Ÿà ÿßŸÑÿØÿ®,15200000,8093805469,978,Shows,2017
603,Like Nastya Vlog,18400000,8088545160,481,People & Blogs,2016
604,Wesley Safad√£o,13700000,8077776788,433,Music,2009
605,BigSchool,12100000,8076924326,2666,Gaming,2019
606,M2,9100000,8064884862,19493,Music,2014
607,Secret Vlog,7310000,8061727345,156,Comedy,2019
608,Kids Play,16200000,8060772313,587,Entertainment,2018
609,rsfriends,9820000,8059977231,3859,Music,2009
610,Linh Nhi Shorts,8870000,8059533992,1175,Other,2013
611,5-Minute Crafts SHORTS,8720000,8056443006,1704,People & Blogs,2021
612,stampylonghead,10700000,8031551963,4014,Gaming,2011
613,MNCTV OFFICIAL,14800000,8022481051,64712,Entertainment,2012
614,tuzelity SHUFFLE,18800000,8020181668,865,People & Blogs,2015
615,HIMAWARI„Å°„ÇÉ„Çì„Å≠„Çã,3140000,7995667091,2389,People & Blogs,2014
616,TonyTV,9150000,7991160251,629,Pets & Animals,2016
617,BabyBus - Nh·∫°c thi·∫øu nhi,7790000,7985658532,804,Education,2019
618,A for Adley - Learning & Fun,5670000,7982714307,616,Entertainment,2017
619,–ë–∞—Ä–±–æ—Å–∫–∏–Ω—ã,7500000,7980966562,1206,Film & Animation,2011
620,POPS MUSIC,9830000,7962514198,18621,Music,2013
621,Lil Baby Official 4PF,8620000,7961122879,76,Entertainment,2017
622,Paulo Londra,22400000,7958271128,58,Music,2016
623,NATTI NATASHA,12200000,7939837709,202,Music,2015
624,P!NK,12100000,7933823067,37,Music,2006
625,Cam Casey,6820000,7932063879,311,People & Blogs,2017
626,KiKiDo,11300000,7930237557,795,People & Blogs,2015
627,Fifth Harmony,14600000,7910888884,67,Music,2013
628,–¢–µ—Ä–µ–º–æ–∫ - –ü–µ—Å–µ–Ω–∫–∏ –¥–ª—è –¥–µ—Ç–µ–π,11500000,7904597685,1311,Shows,2014
629,VexTrex,13200000,7903652038,3383,Entertainment,2014
630,Bayashi TV,13800000,7893846128,1115,Entertainment,2021
631,Travis Scott,16600000,7893667882,13,Music,2013
632,Valentina Pontes ofc,23300000,7891140180,1282,Film & Animation,2014
633,Mikael TubeHD,11200000,7888651980,1516,People & Blogs,2014
634,Crazy Frog,14100000,7873137893,37,Music,2009
635,G√ºltekin Ailesi,6730000,7862617453,24207,People & Blogs,2017
636,Peppa Pig Espa√±ol Latino - Canal Oficial,23400000,7857612716,1211,Film & Animation,2014
637,Vat19,8980000,7842026600,1946,Entertainment,2007
638,1MILLION Dance Studio,26100000,7839546386,5524,Entertainment,2015
639,ÿ±Ÿàÿ™ÿßŸÜÿß ÿÆŸÑŸäÿ¨Ÿäÿ©,10000000,7839221987,21408,Entertainment,2011
640,Renato Garcia YT,26700000,7835460144,3878,Entertainment,2011
641,Morphle TV,11400000,7803130050,1332,Entertainment,2011
642,Vijay Kumar Viner Vlogs,12900000,7802008334,1271,Entertainment,2019
643,BIGBANG,15000000,7790921334,776,Music,2005
644,Voc√™ Sabia?,44500000,7784234620,1525,Entertainment,2013
645,ABPLIVE,24800000,7780440468,177079,People & Blogs,2017
646,„Åõ„Çì„ÇÇ„ÇÇ„ÅÇ„ÅÑ„Åó„Éº„ÉÅ„É£„É≥„Éç„É´,11300000,7772821776,3353,People & Blogs,2006
647,RS 1313 SHORTS,14100000,7772453329,5426,Entertainment,2020
648,ToysPlay,11700000,7772137165,466,Entertainment,2015
649,vicentefernandez¬Æ,6750000,7767296377,121,Music,2006
650,MEGA Oficial,9030000,7748264087,43332,Entertainment,2012
651,Patati Patat√°,9720000,7744171811,429,Music,2011
652,HaAshOficial,9390000,7722015092,172,Music,2008
653,Ceylin - H Official,11200000,7715295037,417,Music,2015
654,tvN drama,6640000,7709241624,52618,Entertainment,2011
655,Flashback FM,7650000,7699963743,1649,Film & Animation,2010
656,Porta dos Fundos,17700000,7693129313,22,Entertainment,2012
657,Anand Audio,10700000,7690610564,4986,Music,2011
658,Clean Bandit,10300000,7687810078,220,Music,2010
659,Pari's Lifestyle,12400000,7685308606,446,People & Blogs,2018
660,Mariah Carey,9750000,7683362874,122,Music,2006
661,Tayo the Little Bus,9730000,7649269268,3196,Film & Animation,2005
662,3Palavrinhas,8350000,7646499615,808,Film & Animation,2013
663,PaulVuTV,9110000,7645903583,2181,Entertainment,2015
664,Rafa & Luiz,20500000,7630349570,2793,Entertainment,2015
665,Oddbods - Official Channel,10200000,7623962934,1594,Film & Animation,2014
666,OneRepublic,10400000,7622230530,92,Music,2006
667,Right to Shiksha,12400000,7616739168,1929,Education,2020
668,Infobells Bangla,15300000,7616701306,345,Education,2016
669,Miley Cyrus,18200000,7612832523,142,Entertainment,2009
670,Julia MineGirl,10000000,7600105832,2474,Gaming,2015
671,Cardi B,18800000,7583667090,60,People & Blogs,2016
672,FutureVEVO,4410000,7577611447,320,Music,2010
673,Antena 3,7630000,7575973690,26316,Entertainment,2006
674,Matheus e Kauan,10700000,7572645919,287,Music,2011
675,Crazy XYZ,27000000,7572384889,1238,Entertainment,2017
676,penguinz0,13100000,7569730726,4523,Gaming,2007
677,Kirya Kolesnikov,11900000,7567759777,2248,Sports,2011
678,Sonotek,19100000,7554572676,8266,Entertainment,2011
679,reikVEVO,3510000,7552636345,225,Music,2009
680,Zee Kids,12200000,7552078875,1186,Film & Animation,2012
681,–ö–æ–º–ø–æ—Ç,13800000,7549917566,2164,Gaming,2013
682,CRAZY GREAPA,9190000,7543200940,724,Entertainment,2017
683,Busy Fun Ltd,18400000,7540893663,194,Other,2019
684,atv,11200000,7523400256,24897,Entertainment,2014
685,Pica - Pica Oficial,10200000,7499914402,302,Music,2013
686,CantaJuegoVEVO,9720000,7499725819,544,Music,2011
687,Angry Birds,6180000,7499159082,253,Gaming,2006
688,DJSnakeVEVO,6490000,7496966694,58,Music,2014
689,Klara Tania,9860000,7494744870,1627,Other,2021
690,Akshay Nagwadiya,21900000,7484559029,542,Entertainment,2017
691,Little Mix,16300000,7476538265,278,Music,2011
692,Netflix India,21500000,7474761079,3487,People & Blogs,2016
693,TopMovieClips,10500000,7473976458,344,Film & Animation,2017
694,Mikael Family,6840000,7473122656,1988,Other,2018
695,Tribun Timur,7370000,7470930995,63491,News & Politics,2011
696,Wood Mood,7940000,7467820425,1303,Howto & Style,2021
697,‡πÄ‡∏£‡∏∑‡πà‡∏≠‡∏á‡πÄ‡∏•‡πà‡∏≤‡πÄ‡∏ä‡πâ‡∏≤‡∏ô‡∏µ‡πâ,10200000,7450014908,119924,News & Politics,2012
698,LosPolinesios,25700000,7433955462,969,People & Blogs,2012
699,HaAshVEVO,3990000,7425346431,179,Music,2009
700,Troom Troom Es,19600000,7411448917,2851,People & Blogs,2016
701,T-Series Hamaar Bhojpuri,14900000,7408740844,9783,Entertainment,2011
702,Shemaroo Movies,27700000,7407301702,2881,Entertainment,2011
703,AlArabiya ÿßŸÑÿπÿ±ÿ®Ÿäÿ©,12700000,7407255917,163982,People & Blogs,2006
704,elrubiusOMG,40400000,7403908315,703,Gaming,2011
705,Bizarrap,20300000,7396864865,82,Comedy,2017
706,NMF News,16500000,7392979814,109915,News & Politics,2013
707,SBS Drama,6640000,7387941209,345823,Entertainment,2011
708,Aventura,6480000,7384655381,103,Music,2006
709,GH'S,11600000,7377288204,435,Gaming,2020
710,FunFun Toy Doll TV,16500000,7369534224,735,Entertainment,2016
711,MeghanTrainorVEVO,8020000,7364737975,264,Music,2014
712,elcarteldesantatv,12400000,7356388939,351,Music,2008
713,HikakinGames,5790000,7354576278,2068,Gaming,2013
714,Letupita725HD‚òÖ,4710000,7351291438,2585,Film & Animation,2012
715,Vlad and Niki ARA,16000000,7343495755,495,Other,2019
716,Just For Laughs Gags,13200000,7331346134,684,Comedy,2007
717,Jane ASMR Ï†úÏù∏,17700000,7330881520,2167,Other,2012
718,jaanvi patel,16200000,7327173366,494,People & Blogs,2018
719,GunsNRosesVEVO,4600000,7321884929,112,Music,2009
720,WhenGamersFail ‚ñ∫ Lyon,4790000,7311204076,7247,Gaming,2012
721,FaZe Rug,23500000,7299601255,2145,Gaming,2012
722,Jake Paul,20300000,7297183141,960,People & Blogs,2013
723,FifthHarmonyVEVO,9520000,7297147333,87,Music,2013
724,TEDx Talks,38400000,7289877077,198624,Nonprofits & Activism,2009
725,Justin Flom,8600000,7280046341,548,Entertainment,2006
726,Fede Vigevani,21900000,7279908053,1047,Howto & Style,2009
727,50CentVEVO,4450000,7274562477,64,Music,2009
728,Myke Towers,9910000,7270455592,147,Music,2012
729,Toy Freaks,8542367,7263410223,506,Entertainment,2012
730,BritneySpearsVEVO,4890000,7257857891,110,Music,2009
731,Anitta,17100000,7256920098,119,Music,2011
732,BeatboxJCOP,13800000,7244547217,737,Film & Animation,2011
733,CollegeHumor,14700000,7243557008,4312,Comedy,2006
734,Sony LIV,14800000,7238159509,11561,Entertainment,2014
735,Nat and Essie,12100000,7233241690,1158,Film & Animation,2015
736,Oppa Huy IDol,4530000,7218319495,782,Other,2009
737,‡∏Ñ‡∏£‡∏π‡∏ô‡∏Å‡πÄ‡∏•‡πá‡∏Å,9260000,7212141158,3005,Entertainment,2009
738,CNCO,11900000,7201016223,213,Music,2015
739,Swan & N√©o,6210000,7190149195,2246,Entertainment,2015
740,Saregama TV Shows Tamil,6830000,7168027803,15029,People & Blogs,2018
741,David Dobrik,17900000,7165826986,536,People & Blogs,2014
742,DEL Records,10400000,7152878675,263,Music,2009
743,ChristianNodalVEVO,1740000,7151710911,127,Music,2017
744,SBS Îâ¥Ïä§,3450000,7146359260,174708,News & Politics,2014
745,KBS Kpop,7840000,7146115430,39118,Entertainment,2011
746,Justin Timberlake,10200000,7137863419,18,Music,2006
747,Like Nastya IDN,16600000,7130784057,488,Entertainment,2019
748,tvOneNews,10800000,7120262764,99608,News & Politics,2014
749,Kiddiestv Hindi - Nursery Rhymes & Kids Songs,19700000,7119393381,223,Education,2017
750,League of Legends,15000000,7109292985,1345,Gaming,2009
751,TraLaLa - Cantece si desene animate pentru copii,5750000,7107458060,1306,Music,2012
752,SUPER SLICK SLIME SAM,18800000,7097544390,877,Howto & Style,2018
753,Republic Bharat,14200000,7090671190,86846,News & Politics,2019
754,IDJVideos.TV,3760000,7090121996,1187,Entertainment,2011
755,FitDance,16100000,7087643525,4741,Music,2013
756,ÌïëÌÅ¨ÌêÅ (Ïù∏Í∏∞ ÎèôÏöî„ÉªÎèôÌôî),11200000,7085076516,3114,Education,2014
757,Troom Troom Arabic,11200000,7079831785,2451,Howto & Style,2015
758,ArkivaShqip,4340000,7067249499,8732,Entertainment,2009
759,Family GamesTV,20300000,7065865929,268,Entertainment,2016
760,Onevilage,5530000,7063515202,3394,Comedy,2019
761,√áukur,6640000,7063271554,4014,People & Blogs,2017
762,Dental Digest,13300000,7055557435,318,People & Blogs,2020
763,PinkVEVO,7120000,7051050244,196,Music,2009
764,Diana and Roma EN,23600000,7044382465,499,People & Blogs,2011
765,Red Hot Chili Peppers,7410000,7040003072,187,Music,2007
766,Merrick Hanna,8740000,7036462879,858,Entertainment,2015
767,Linus Tech Tips,15500000,7034219172,6202,Science & Technology,2008
768,Eurovision Song Contest,5510000,7027443048,6917,Entertainment,2006
769,TheWillyrex,18400000,7027337250,6911,Comedy,2011
770,NTV Telugu,7280000,7023164206,280871,News & Politics,2014
771,Tribunnews,9340000,7011469463,21559,People & Blogs,2014
772,prashu__baby,8000000,7008595950,760,Entertainment,2011
773,VikatanTV,7190000,7001794921,19958,Shows,2011
774,Raj Grover,9120000,7000627658,493,Entertainment,2021
775,SML,9620000,6993472451,526,Entertainment,2007
776,Piso 21,7610000,6976776100,350,Music,2011
777,Netflix,26500000,6970204452,6361,Entertainment,2012
778,ETV Dhee,10000000,6966983117,3696,People & Blogs,2017
779,UFC - Ultimate Fighting Championship,16200000,6966460140,14289,Sports,2006
780,Diana Belitskay,7450000,6966216189,1455,Other,2014
781,TheEngineeringFamily,4070000,6958163770,3397,Education,2012
782,Bollywood Classics,15900000,6957513439,1397,Entertainment,2011
783,Smile Family Spanish,18400000,6953828991,441,Other,2019
784,Nickelodeon UK,6610000,6951419857,3082,Entertainment,2015
785,MrSuicideSheep,12800000,6950322948,3447,Entertainment,2010
786,–¢—Ä—É–º –¢—Ä—É–º,14700000,6949401772,2314,Howto & Style,2015
787,SIS vs BRO,14200000,6945608616,360,Entertainment,2016
788,123 GO! Hindi,10600000,6936116497,489,Entertainment,2019
789,Migos ATL,12400000,6935974349,99,Music,2012
790,Little Baby Bum en Espa√±ol,12500000,6933178195,1432,Education,2014
791,ÎΩÄÎ°úÎ°ú(Pororo),4970000,6931341414,4208,Film & Animation,2011
792,Lifetime,5880000,6929805135,10253,Entertainment,2006
793,elliegoulding,12600000,6928693748,212,Music,2007
794,News18 India,16900000,6921541012,17472,News & Politics,2007
795,CoryxKenshin,16300000,6916841841,1689,Gaming,2009
796,BBC News Hindi,16300000,6914011505,20633,News & Politics,2009
797,The X Factor UK,9140000,6900304130,5319,Entertainment,2007
798,Ricky Martin,6850000,6900158388,45,People & Blogs,2018
799,Like Nastya Stories,14400000,6898326177,464,Entertainment,2019
800,The Beverly Halls,6540000,6884370161,3653,Entertainment,2014
801,littlemixVEVO,7680000,6877085178,241,Music,2011
802,deepesh zo,15800000,6875465525,502,People & Blogs,2021
803,GRM Daily,5950000,6874069242,13862,Entertainment,2011
804,TeluguOne,9460000,6866486762,46018,Comedy,2006
805,One More,6660000,6862299179,1226,Entertainment,2021
806,Kwebbelkop,14900000,6859834930,5194,Gaming,2008
807,DaniRep | +6 V√≠deos Diarios De GTA 5 Online!,12400000,6856617942,12297,Gaming,2012
808,LizAlex Fam,6470000,6856566934,1175,Entertainment,2021
809,Demi Lovato,17900000,6853276608,308,Music,2008
810,Anupam Movie Songs,10800000,6852278158,293,Music,2018
811,acdcVEVO,2950000,6833275758,199,Music,2009
812,Frost Diamond,28200000,6830315093,2712,Gaming,2014
813,–ü–æ–∑–∑–∏,13500000,6829421781,3159,People & Blogs,2012
814,Troom Troom India,12800000,6781673878,2329,Howto & Style,2015
815,MUSA TANVEER,11700000,6775614428,748,Entertainment,2013
816,MBC ŸÖÿµÿ±,12100000,6771527149,43755,Entertainment,2012
817,Hungry FAM,5490000,6768943567,2731,People & Blogs,2020
818,MariahCareyVEVO,3110000,6767470822,481,Music,2009
819,–§–∏–∫—Å–∏–∫–∏,7000000,6767263985,1216,Shows,2011
820,STAR ‡§≠‡§æ‡§∞‡§§,10000000,6761658280,12957,People & Blogs,2007
821,Klem Family,4140000,6761455448,169,Entertainment,2014
822,packattack04082,5290000,6760808608,7602,Gaming,2007
823,The Official Gummib√§r Channel,8180000,6759830639,530,Film & Animation,2008
824,Mihdens,5770000,6758231641,569,Gaming,2021
825,OneRepublicVEVO,5480000,6753928231,245,Music,2009
826,Nadir Sailov,5480000,6753379876,710,Entertainment,2018
827,Bon Jovi,7560000,6751846075,231,Music,2006
828,JTBC News,2840000,6750136700,168699,News & Politics,2012
829,FARRUKOVEVO,5760000,6735671876,122,Music,2010
830,MatheusKauanVEVO,4230000,6731999972,160,Music,2015
831,Camilo,15800000,6731232608,129,Music,2010
832,GENIAL,31800000,6727701368,6527,Howto & Style,2017
833,Lana Del Rey,13900000,6726323501,43,Music,2011
834,Webs & Tiaras - Toy Monster Compilations,7199399,6724125833,62,Entertainment,2015
835,CNCOVEVO,5700000,6723379612,128,Music,2015
836,Ricardo Arjona,6960000,6722268692,315,Music,2010
837,Maya and Mary,23200000,6708387464,550,Entertainment,2013
838,Chad Wild Clay,14600000,6706776215,690,Comedy,2006
839,Zuni and Family,17800000,6698205496,208,People & Blogs,2017
840,Tool_Tips,7070000,6693143744,294,People & Blogs,2020
841,Warner Bros. Pictures,10900000,6690081450,2617,Entertainment,2006
842,SORAI TV,8450000,6685002731,1446,Other,2017
843,Kuplinov ‚ñ∫ Play,15200000,6684042020,6583,Gaming,2012
844,mallemalatv,8010000,6671451319,11271,Entertainment,2014
845,Kontor.TV,6140000,6670360581,2469,Music,2006
846,Jooj Natu,11000000,6655439034,975,Entertainment,2021
847,GuiGe,8210000,6647596101,998,Entertainment,2020
848,ARY News,12100000,6644832705,77656,News & Politics,2013
849,Manuel Turizo,9350000,6631602504,139,Music,2016
850,DJ Khaled,13000000,6613234700,59,Music,2018
851,Doja Cat,11600000,6603111397,27,Music,2018
852,Duo Tiempo De Sol,12800000,6599895435,317,Music,2013
853,GameGrumps,5380000,6594322924,8487,Gaming,2012
854,Happy Lives,23300000,6589682125,443,Science & Technology,2016
855,Skrillex,20100000,6588400110,238,Music,2010
856,Team Films Bhojpuri,15600000,6585430486,19669,Music,2014
857,Comedy Central,11400000,6584385879,6202,Comedy,2006
858,Collins Key,23900000,6571480749,257,Entertainment,2011
859,NDTV India,15200000,6568378318,87973,News & Politics,2008
860,Milli Star,5860000,6567705854,882,Entertainment,2020
861,Camila Cabello,16200000,6563956443,80,Music,2015
862,Kids TV India Hindi Nursery Rhymes,13700000,6558117605,1448,Shows,2014
863,EdisonPts,14900000,6556133457,3694,Gaming,2013
864,Rancho Humilde,8480000,6549489269,1426,Music,2015
865,Boyce Avenue,16300000,6545675794,477,Music,2007
866,Chotoonz TV - Funny Cartoons for Kids,11200000,6528639656,1637,Film & Animation,2013
867,TwinRoozi ÏåçÎë•Ïù¥ Î£®ÏßÄ,10600000,6528503728,499,People & Blogs,2018
868,Koushal Monga,8680000,6527636859,962,People & Blogs,2016
869,Doggy Doggy Cartoons,16800000,6516323071,4787,Entertainment,2012
870,Pen Movies,24000000,6504519998,1662,Film & Animation,2014
871,_vector_,10900000,6499702387,367,Comedy,2019
872,Sing King,10900000,6488727352,3841,Music,2012
873,Ruh,11700000,6488515347,857,People & Blogs,2021
874,Vlad and Niki PRT,14300000,6469942033,500,Other,2018
875,Lyna,15700000,6465111336,4849,Gaming,2014
876,Marc Anthony,6860000,6461046364,149,Music,2005
877,Sambucha,5200000,6459433222,1506,Gaming,2020
878,RickyMartinVEVO,3930000,6451777320,303,Music,2009
879,Grupo Firme,7370000,6449963161,86,People & Blogs,2017
880,Peacock Kids,9660000,6445190238,306,Film & Animation,2006
881,PONGAMOSLO A PRUEBA CORTOS,10900000,6440783301,550,Entertainment,2021
882,Talent Recap,11900000,6440065594,5408,Entertainment,2016
883,Binge Society,7490000,6437812690,7546,Entertainment,2019
884,A&E,9560000,6437661638,9463,Shows,2006
885,Wisin,7560000,6433879420,21,People & Blogs,2018
886,Dan-Sa / Daniel Saboya,18400000,6433449273,2803,Music,2007
887,Entertainment Tonight,6130000,6424063038,39354,Entertainment,2006
888,DC Kids,6830000,6423009816,1998,People & Blogs,2015
889,Brent Rivera,26600000,6403083697,546,Comedy,2009
890,sagar kalra (Shorts),15500000,6402110629,446,People & Blogs,2017
891,infobells - Kannada,13800000,6402053070,419,Education,2014
892,–õ—É–Ω–æ–º–æ—Å–∏–∫,13100000,6392581757,590,People & Blogs,2015
893,AzzyLand,13400000,6390583020,173,Gaming,2015
894,Warner Music M√©xico,4610000,6386757733,3335,Music,2007
895,Kanye West,9250000,6377482099,11,People & Blogs,2006
896,STEVE AND MAGGIE,6080000,6377435753,405,Education,2014
897,ÏòõÎìú : MBC Î†àÏ†ÑÎìú ÎìúÎùºÎßà,3470000,6374644545,45101,Shows,2011
898,Rans Entertainment,25200000,6364327657,3633,People & Blogs,2015
899,TheGrefg,17900000,6356721432,3506,Gaming,2012
900,Talking Tom & Friends,15500000,6354293395,406,Entertainment,2010
901,DonOmarVEVO,3820000,6348080094,52,Music,2009
902,Daily Dose Of Internet,15800000,6339811086,612,Entertainment,2015
903,AP International,8860000,6330226160,23166,Entertainment,2006
904,Wisin & Yandel,7200000,6328752511,1,People & Blogs,2018
905,SRK MUSIC,15100000,6318971143,5022,Music,2012
906,PlanetaOfficial,2480000,6308720240,3969,Entertainment,2012
907,24 –ö–∞–Ω–∞–ª,5070000,6305689751,206614,News & Politics,2006
908,MBC1,7800000,6300664941,47637,Entertainment,2015
909,SagaHits,11600000,6286479733,2923,Music,2010
910,Al Fondo hay Sitio - AFHS,3540000,6284864493,11997,Entertainment,2012
911,Lil Nas X,19100000,6283542042,37,Music,2018
912,Panda Shorts,9620000,6270086335,617,Other,2020
913,Katakit Baby TV,15200000,6269340903,216,Music,2010
914,Synergy  ÿ™ÿßŸÖÿ± ŸÖÿ±ÿ≥Ÿä,7000000,6265016176,12539,Entertainment,2017
915,Nas Daily,11800000,6263329306,1192,Travel & Events,2011
916,Wiz Khalifa Music,9730,6253100455,2,Music,2022
917,Rebecca Zamolo,14200000,6252676244,940,Comedy,2011
918,Aadishakti Films,14400000,6246356595,477,Music,2016
919,justintimberlakeVEVO,6190000,6241138278,68,Music,2009
920,GIMS,11100000,6239923787,158,Music,2017
921,tvN,3790000,6237470959,8041,Entertainment,2010
922,Prince Royce,10200000,6236180622,24,Other,2018
923,TIKTOMIKI,3910000,6232826211,1601,Entertainment,2019
924,The Young Turks,5450000,6230637481,5487,News & Politics,2005
925,Samayra Narula Official,10100000,6220875752,1012,People & Blogs,2020
926,RemexMusic,6980000,6219451210,2156,Music,2010
927,TravisScottVEVO,1950000,6218155708,72,Music,2012
928,Little Treehouse Nursery Rhymes and Kids Songs,11400000,6217850604,1534,Education,2015
929,bradesco,4260000,6217714177,790,Entertainment,2006
930,Demariki,5170000,6216321832,1954,Comedy,2021
931,POPS Anime,5780000,6215181654,4949,Film & Animation,2017
932,Nirahua Music World,12000000,6211427792,805,Music,2014
933,–•–ê–ë–ò–ë,6630000,6210524906,1159,Music,2011
934,Th∆° Nguy·ªÖn,10000000,6201557124,1362,Entertainment,2016
935,RHINO,6070000,6201542650,131,Music,2006
936,ËÖæËÆØËßÜÈ¢ë,7740000,6201108052,43216,Entertainment,2016
937,Akon,12800000,6197016374,36,Music,2005
938,Las Estrellas,8320000,6180390333,49283,Entertainment,2014
939,Paayal Tena Short Videos,8800000,6169178175,720,People & Blogs,2021
940,camman18,6760000,6167993935,769,Entertainment,2021
941,Dani itss,9200000,6167810064,896,Entertainment,2020
942,The geeta gurjar,10200000,6156445070,559,Other,2021
943,Mor Haryanvi,12100000,6148159887,413,Music,2015
944,Avril Lavigne,12400000,6147852098,196,Music,2005
945,Kodak Black,8460000,6147082442,462,Music,2013
946,ÎîîÍ∏Ä :Diggle,2680000,6143189689,29874,Entertainment,2020
947,„Åæ„ÅÑ„Åú„Çì„Ç∑„Çπ„Çø„Éº„Ç∫,2760000,6139379930,1579,Gaming,2015
948,5-Minute Crafts FAMILY,15600000,6137154685,4133,People & Blogs,2018
949,SVF,10600000,6137088353,2581,Music,2006
950,EllieGouldingVEVO,7450000,6136144757,153,Music,2010
951,DeGoBooM,16900000,6135550026,4494,Gaming,2014
952,Little Angel Bahasa Indonesia - Lagu Anak,11300000,6129147065,498,Entertainment,2020
953,Lil Wayne,12000000,6119704719,276,Music,2013
954,ZAMZAM ELECTRONICS TRADING,16400000,6114516733,14272,Other,2020
955,Mark Ronson,6740000,6112901337,20,Film & Animation,2007
956,prenses elif,3450000,6109295385,6305,Film & Animation,2016
957,AlJazeera Arabic  ŸÇŸÜÿßÿ© ÿßŸÑÿ¨ÿ≤Ÿäÿ±ÿ©,12100000,6107036779,166112,News & Politics,2007
958,Marah Tv,9390000,6106412377,448,Music,2018
959,Nick Jr. en Espa√±ol,8780000,6098749276,1126,Other,2021
960,Ali-A,18600000,6095884902,4104,Gaming,2006
961,The Royalty Family,21000000,6091138252,724,People & Blogs,2017
962,GNP Music,11200000,6087436623,900,Music,2009
963,MY FAMILY,15600000,6082562356,265,Other,2019
964,The One Shu,6020000,6075086635,818,People & Blogs,2011
965,AngLova,4200000,6073834592,2786,Entertainment,2021
966,CalibreCincuentaVEVO,3090000,6069782101,275,Music,2011
967,Shalimar Telugu & Hindi Movies,8040000,6061867890,81056,Entertainment,2013
968,Rooster Teeth,9100000,6060437759,9032,Film & Animation,2006
969,Sidhu Moose Wala,20800000,6058651919,113,Music,2017
970,TheDonato,30300000,6047803959,2953,Entertainment,2015
971,Top Channel Albania,2380000,6042499939,338483,Comedy,2011
972,Underwater Tori Shorts,5500000,6041914706,1655,People & Blogs,2020
973,5-Minute Crafts PLAY,20000000,6035069049,5321,Howto & Style,2017
974,Neetu Bisht,9650000,6033878019,1052,Entertainment,2011
975,theRadBrad,13300000,6031123338,815,Gaming,2006
976,Khalid,9370000,6030615266,33,People & Blogs,2017
977,MikelTube,8900000,6026060053,897,People & Blogs,2015
978,Pentatonix,20000000,6017416309,268,Music,2011
979,MiawAug,19900000,6005229814,3665,Gaming,2014
980,G-Eazy,8530000,6004032557,305,Music,2009
981,DrossRotzank,22900000,6000423173,1586,Entertainment,2006
982,Telemundo Novelas,10100000,5998626947,15339,Entertainment,2012
983,KSI,24100000,5994744104,1252,Entertainment,2009
984,–¢—Ä–∏ –ö–æ—Ç–∞,6630000,5984497882,1018,Film & Animation,2015
985,Logan Paul,23600000,5984392209,718,Entertainment,2015
986,MileyCyrusVEVO,10000000,5982867241,140,Music,2009
987,ÏäπÎπÑÎãà Seungbini,8510000,5977613870,627,People & Blogs,2021
988,Heidi y Zidane,12600000,5977277958,581,Other,2019
989,Martin Garrix,14600000,5973142320,360,Music,2011
990,Wish 107.5,14100000,5972122930,1794,Music,2014
991,OGGY,11600000,5970083626,1054,Film & Animation,2014
992,Shemaroo Comedy,18400000,5954271146,4334,Entertainment,2007
993,Eliot Channel Mx,10000000,5948877975,6973,Entertainment,2015
994,FatTV,6780000,5945097341,582,Comedy,2019
995,Monde des Titounis,6580000,5943941261,1099,Film & Animation,2006
996,The Beatles,7370000,5931648353,281,Music,2005
997,Surfnboy Shorts,3930000,5927849027,2653,Entertainment,2020
998,DJKhaledVEVO,4920000,5923952559,129,Music,2010
999,Dr Ryan,10300000,5923633112,1063,Education,2020
