Rank;Youtube Channel;Subscribers;Video Views;Video Count;Category;Started
1;T-Series;243,000,000;224,881,706,554;19,757;Music;2006
2;Cocomelon - Nursery Rhymes;160,000,000;161,435,301,255;927;Education;2006
3;SET India;157,000,000;146,246,275,148;113,723;Shows;2006
4;Sony SAB;81,600,000;98,603,821,529;69,353;Shows;2007
5;✿ Kids Diana Show;111,000,000;92,321,006,440;1,097;People & Blogs;2015
6;Like Nastya;106,000,000;89,956,905,855;800;People & Blogs;2016
7;WWE;95,200,000;76,590,809,077;69,232;Sports;2007
8;Vlad and Niki;97,700,000;76,255,951,806;561;Entertainment;2018
9;Zee TV;69,400,000;71,539,733,613;126,034;Entertainment;2005
10;Colors TV;63,200,000;60,190,628,294;110,59;Shows;2008
11;Movieclips;59,400,000;59,176,881,671;38,871;Film & Animation;2006
12;Zee Music Company;95,500,000;56,961,287,918;8,349;Music;2014
13;El Reino Infantil;57,600,000;56,551,023,544;1,471;Music;2011
14;netd müzik;24,000,000;55,536,940,351;23,036;Music;2014
15;Ryan's World;34,900,000;54,991,159,129;2,414;Entertainment;2015
16;ABS-CBN Entertainment;43,900,000;50,090,155,660;191,466;People & Blogs;2008
17;Toys and Colors;39,500,000;46,335,699,342;971;Entertainment;2016
18;ChuChu TV Nursery Rhymes & Kids Songs;65,100,000;45,127,639,835;605;Education;2013
19;Super Simple Songs - Kids Songs;38,600,000;44,034,714,118;724;Education;2006
20;Wave Music;57,500,000;40,343,309,988;19,404;Music;2014
21;HAR PAL GEO;42,800,000;39,343,220,321;96,133;Entertainment;2008
22;Little Baby Bum - Nursery Rhymes & Kids Songs;40,800,000;39,304,951,144;2,393;Education;2011
23;Pinkfong Baby Shark - Kids' Songs & Stories;67,500,000;38,331,036,298;2,794;Education;2011
24;Canal KondZilla;66,500,000;37,518,173,352;2,555;Music;2012
25;ARY Digital HD;42,200,000;36,691,093,589;104,884;Entertainment;2016
26;Маша и Медведь;42,700,000;36,117,171,783;1,431;Film & Animation;2011
27;WorkpointOfficial;38,800,000;35,946,688,067;71,65;Entertainment;2012
28;YRF;54,000,000;34,768,157,601;3,639;Film & Animation;2006
29;LankyBox;24,900,000;33,448,355,637;8,29;Comedy;2016
30;Tips Official;58,700,000;32,976,587,631;4,59;Music;2007
31;LooLoo Kids - Nursery Rhymes and Children's Songs;53,800,000;32,073,036,420;679;Music;2014
32;BLACKPINK;89,000,000;31,555,348,752;526;People & Blogs;2016
33;D Billions;26,000,000;31,344,278,065;729;;2019
34;Get Movies;46,600,000;30,469,929,901;3,276;Entertainment;2006
35;Tsuriki Show;22,000,000;30,426,876,415;2,722;Entertainment;2019
36;Justin Bieber;71,400,000;30,408,972,725;249;Music;2007
37;Bad Bunny;45,900,000;30,203,101,760;130;Music;2014
38;Ed Sheeran;53,400,000;30,117,456,435;356;Music;2006
39;Infobells - Hindi;51,800,000;29,710,507,894;558;Education;2014
40;Ch3Thailand;33,300,000;29,497,889,790;94,595;Entertainment;2014
41;Taylor Swift;52,200,000;29,324,384,897;214;Music;2006
42;T-Series Bhakti Sagar;60,200,000;29,042,176,029;25,753;Music;2011
43;PewDiePie;111,000,000;29,011,041,143;4,712;Gaming;2010
44;Sony Music India;56,900,000;28,541,179,709;3,712;Music;2009
45;Vijay Television;20,000,000;28,402,330,470;48,854;Entertainment;2007
46;Shemaroo Filmi Gaane;65,100,000;28,357,130,586;8,39;Music;2010
47;HYBE LABELS;70,800,000;28,139,897,961;1,272;Music;2008
48;DisneyMusicVEVO;32,400,000;28,133,529,426;2,037;Music;2010
49;Sony PAL;37,600,000;27,992,864,088;23,591;Shows;2014
50;قناة طيور الجنة | toyoraljanahtv;30,100,000;27,519,258,102;3,238;Entertainment;2008
51;Shakira;42,900,000;27,161,012,004;315;People & Blogs;2005
52;SMTOWN;31,700,000;27,098,585,722;4,133;Music;2006
53;ช่อง one31;37,200,000;27,084,986,656;114,003;Entertainment;2013
54;SonyMusicIndiaVEVO;46,200,000;26,900,518,442;3,396;Music;2009
55;MrBeast;158,000,000;26,836,907,689;739;Entertainment;2012
56;Galinha Pintadinha;33,600,000;26,817,190,542;65;Film & Animation;2006
57;La Granja de Zenón;35,300,000;26,779,887,904;642;Music;2013
58;EminemMusic;56,500,000;26,736,376,238;140;Music;2007
59;Speed Records;42,400,000;26,626,637,697;10,881;Music;2012
60;JustinBieberVEVO;31,600,000;26,458,567,652;204;Music;2009
61;BabyBus - Kids Songs and Cartoons;32,600,000;26,209,932,825;2,075;Education;2016
62;5-Minute Crafts;79,900,000;26,121,558,830;6,268;Howto & Style;2016
63;Alan Chikin Chow;25,000,000;25,808,269,940;812;Comedy;2020
64;GR6 EXPLODE;38,800,000;25,676,029,817;4,168;Music;2014
65;LeoNata Family;21,000,000;25,655,875,289;2,18;People & Blogs;2021
66;Aditya Music India;28,300,000;25,593,280,355;21,446;Music;2008
67;StarPlus;30,500,000;25,500,407,576;40,345;Entertainment;2006
68;GMM GRAMMY OFFICIAL;23,000,000;25,431,664,850;15,199;Music;2010
69;Katy Perry;44,200,000;25,307,197,707;123;Music;2008
70;TaylorSwiftVEVO;25,700,000;25,264,144,278;264;Music;2009
71;Genevieve's Playhouse - Learning Videos for Kids;34,500,000;25,065,088,582;611;Education;2016
72;shakiraVEVO;18,400,000;25,048,197,917;196;Music;2009
73;Aaj Tak;57,200,000;24,851,820,375;270,1;News & Politics;2009
74;Maria Clara & JP;36,700,000;23,923,114,288;734;People & Blogs;2015
75;FGTeeV;22,100,000;23,888,808,924;1,71;Gaming;2013
76;1theK (원더케이);24,500,000;23,836,711,442;18,294;Music;2011
77;Ariana Grande;52,600,000;23,826,962,787;147;Music;2007
78;Masha and The Bear;41,200,000;23,823,806,496;1,172;Shows;2014
79;Goldmines;85,900,000;23,704,936,980;6,134;Film & Animation;2012
80;KatyPerryVEVO;24,700,000;23,646,269,601;173;Music;2009
81;shfa2 - شفا;39,400,000;23,630,017,491;1,56;People & Blogs;2017
82;SSSniperWolf;33,500,000;23,256,085,371;3,313;Gaming;2013
83;Ozuna;36,100,000;23,171,270,121;194;Music;2016
84;Vlad và Niki;37,400,000;23,146,534,050;500;;2018
85;HUM TV;27,500,000;23,130,554,223;102,576;Entertainment;2011
86;CookieSwirlC;19,800,000;23,113,345,239;3,745;Entertainment;2013
87;The Weeknd;32,400,000;22,939,114,947;140;Music;2011
88;J Balvin;34,000,000;22,857,170,415;139;Music;2011
89;TheEllenShow;38,200,000;22,720,385,239;15,581;Entertainment;2006
90;etvteluguindia;19,200,000;22,720,237,325;123,985;Entertainment;2010
91;Peppa Pig - Official Channel;31,000,000;22,602,507,654;3,276;Film & Animation;2013
92;Daddy Yankee;37,800,000;22,499,211,999;495;Music;2011
93;Little Angel: Nursery Rhymes & Kids Songs;30,100,000;22,429,011,341;1,308;Education;2015
94;A4;45,600,000;22,375,144,945;763;Gaming;2014
95;Maroon 5;36,600,000;22,369,925,694;171;Music;2006
96;Sesame Street;23,300,000;22,324,159,345;3,634;Entertainment;2006
97;Rihanna;41,700,000;22,266,450,774;83;Entertainment;2005
98;Nick Jr.;27,100,000;22,264,196,052;5,368;Film & Animation;2012
99;Shemaroo;46,800,000;22,227,468,126;11,214;Entertainment;2007
100;Bollywood Classics;34,700,000;22,080,836,493;1,992;Music;2012
101;LUCCAS NETO - LUCCAS TOON;39,200,000;22,079,865,161;2,247;People & Blogs;2014
102;SMOL;20,900,000;21,634,338,142;3,483;People & Blogs;2021
103;Inside Edition;11,900,000;21,506,364,856;30,402;News & Politics;2012
104;shfa;38,100,000;21,273,306,706;978;People & Blogs;2015
105;Spinnin' Records;30,000,000;21,138,873,065;11,377;Music;2007
106;T-Series Apna Punjab;34,400,000;21,095,779,502;7,594;Music;2011
107;Voot Kids;44,900,000;21,081,727,093;4,486;Entertainment;2016
108;Maluma;29,200,000;21,056,563,459;27;Music;2018
109;Bounce Patrol - Kids Songs;27,800,000;20,844,198,650;275;Music;2013
110;DONA 도나;31,500,000;20,818,241,352;164;Entertainment;2018
111;jbalvinVEVO;13,200,000;20,637,371,696;236;Music;2010
112;Disney Latinoamérica;21,800,000;20,515,125,050;8,09;Entertainment;2007
113;BANGTANTV;75,000,000;20,485,354,654;2,217;Music;2012
114;EminemVEVO;24,800,000;20,356,279,202;104;Music;2009
115;LEGO;16,100,000;20,347,026,835;30,651;Entertainment;2005
116;WORLDSTARHIPHOP;26,400,000;20,260,327,304;6,831;Music;2008
117;CVS 3D Rhymes & Kids Songs;33,200,000;20,128,407,948;338;Education;2008
118;Markiplier;34,900,000;20,103,934,661;5,465;Gaming;2012
119;Sun TV;22,100,000;20,023,130,779;56,827;People & Blogs;2016
120;GRAMMY GOLD OFFICIAL;18,500,000;20,009,030,522;6,181;Music;2014
121;ArianaGrandeVevo;17,700,000;20,004,264,579;178;Music;2010
122;Maroon5VEVO;14,500,000;19,917,347,657;147;Music;2009
123;JYP Entertainment;27,200,000;19,616,677,986;1,7;Music;2008
124;Like Nastya Show;42,300,000;19,477,379,350;605;Entertainment;2017
125;dednahype;18,600,000;19,362,623,845;1,791;Comedy;2020
126;Badabun;46,700,000;19,350,951,463;17,851;Entertainment;2014
127;RihannaVEVO;25,100,000;19,339,696,997;118;Music;2009
128;DanTDM;26,900,000;19,312,207,949;3,657;Gaming;2012
129;That Little Puff;22,200,000;19,273,558,450;742;Pets & Animals;2020
130;Bruno Mars;36,500,000;19,176,039,089;99;Music;2006
131;Marta and Rustam;19,400,000;19,173,737,999;711;Comedy;2021
132;Rotana;21,600,000;19,001,248,029;8,357;Music;2012
133;MalumaVEVO;14,100,000;18,895,002,633;181;Music;2011
134;PowerKids TV;36,000,000;18,638,632,774;5,119;Film & Animation;2014
135;GMA  Network;31,400,000;18,476,232,849;86,823;Entertainment;2006
136;Marília Mendonça;25,900,000;18,434,047,734;126;Music;2013
137;ZEE5;14,300,000;18,353,547,506;100,252;Entertainment;2018
138;KAROL G;31,700,000;18,182,176,406;130;Music;2013
139;Shorts Break;26,700,000;17,916,461,753;431;Comedy;2021
140;BuzzFeedVideo;20,200,000;17,902,656,743;7,677;People & Blogs;2011
141;Like Nastya ESP;36,800,000;17,866,413,651;728;Entertainment;2017
142;व्लाद और निकिता;30,000,000;17,820,235,988;517;;2018
143;infobells - Tamil;28,800,000;17,805,078,292;540;Education;2014
144;Eros Now Music;32,500,000;17,713,357,007;9,824;Entertainment;2007
145;SonyMusicSouthVEVO;17,900,000;17,639,588,965;5,63;Music;2014
146;David Guetta;25,500,000;17,594,572,432;736;Music;2009
147;Enrique Iglesias;23,700,000;17,543,142,190;441;Music;2007
148;mmoshaya;22,500,000;17,417,639,036;1,184;People & Blogs;2010
149;Aphmau;17,100,000;17,409,536,719;4,362;Gaming;2012
150;Ishtar Music;40,900,000;17,369,772,390;4,611;Trailers;2005
151;Beyoncé;25,900,000;17,225,907,514;239;Music;2005
152;Sagawa /さがわ;20,300,000;17,128,181,921;5,82;Entertainment;2021
153;ViralHog;12,500,000;17,120,347,388;39,794;People & Blogs;2014
154;Ultra Records;29,500,000;17,114,300,503;4,859;Music;2006
155;The Tonight Show Starring Jimmy Fallon;31,100,000;17,099,437,732;8,935;Comedy;2006
156;Romeo Santos;20,800,000;17,093,573,749;54;Music;2005
157;Coldplay;25,100,000;17,092,426,508;392;Music;2010
158;BETER BÖCÜK;29,200,000;16,980,543,673;2,415;;2012
159;TheWeekndVEVO;10,500,000;16,960,300,397;191;Music;2011
160;Dan Rhodes;24,100,000;16,915,833,893;1,637;Entertainment;2015
161;MBCentertainment;8,950,000;16,911,681,731;97,966;Entertainment;2009
162;WowKidz;31,600,000;16,809,238,092;4,236;Film & Animation;2015
163;Yoeslan;19,200,000;16,746,071,769;565;Entertainment;2020
164;Dushyant kukreja;26,100,000;16,697,881,479;851;Entertainment;2015
165;ImagineDragons;30,600,000;16,577,285,318;87;Music;2009
166;El Payaso Plim Plim;17,100,000;16,571,420,631;1,257;Film & Animation;2013
167;Felipe Neto;45,000,000;16,483,211,647;4,254;Entertainment;2006
168;Mundo Bita;12,300,000;16,436,434,452;234;Music;2011
169;Zee News;30,200,000;16,407,406,698;175,814;News & Politics;2007
170;Worldwide Records Bhojpuri;31,500,000;16,342,258,711;6,398;Music;2012
171;Jkk Entertainment;37,200,000;16,293,230,312;216;Comedy;2017
172;WatchMojo.com;25,100,000;16,290,607,002;24,505;Music;2007
173;Come Play With Me;13,700,000;16,278,344,084;402;Entertainment;2014
174;jacksepticeye;29,800,000;16,184,887,824;5,112;Gaming;2007
175;Fischer's-フィッシャーズ-;8,070,000;16,162,079,284;3,151;Entertainment;2012
176;Mazhavil Manorama;15,000,000;16,141,135,522;85,443;Entertainment;2011
177;toyorbabytv;22,600,000;16,093,391,703;1,144;Music;2012
178;Dude Perfect;59,400,000;16,092,255,296;382;Sports;2009
179;Mother Goose Club Playhouse;17,900,000;16,068,522,726;1,406;Shows;2009
180;IGN;17,500,000;15,960,875,871;155,16;Gaming;2006
181;Koray Zeynep;16,800,000;15,934,749,108;1,972;People & Blogs;2016
182;Calvin Harris;19,000,000;15,899,653,763;79;Music;2007
183;IndiaTV;35,100,000;15,885,550,890;268,701;News & Politics;2006
184;ToyPuddingTV;27,100,000;15,879,998,535;2,445;Entertainment;2014
185;MoniLina;12,100,000;15,876,306,246;754;Comedy;2021
186;Goldmines Gaane Sune Ansune;37,800,000;15,858,415,995;3,498;Music;2015
187;KL BRO Biju Rithvik;19,400,000;15,856,738,642;1,752;Entertainment;2020
188;Mikecrack;37,600,000;15,829,186,862;1,832;Gaming;2015
189;NickyJamTV;23,500,000;15,812,388,592;385;Music;2012
190;Ultra Bollywood;36,400,000;15,735,986,327;9,102;Trailers;2009
191;PANDA BOI;23,900,000;15,620,693,619;922;Entertainment;2020
192;김프로 KIMPRO;14,400,000;15,620,499,624;1,429;;2017
193;Lady Gaga;23,100,000;15,581,272,856;172;People & Blogs;2008
194;toycantando;27,500,000;15,574,253,904;586;Music;2009
195;VanossGaming;25,800,000;15,480,330,074;1,738;Gaming;2011
196;shfa show India;23,900,000;15,472,017,860;453;;2019
197;Mister Max;23,700,000;15,466,789,634;1,092;People & Blogs;2014
198;ZutiGang;14,400,000;15,444,664,748;1,28;People & Blogs;2021
199;Disney Junior;15,700,000;15,417,872,039;3,897;Entertainment;2008
200;VEGETTA777;33,800,000;15,377,390,260;7,532;Gaming;2008
201;Chris Brown;25,100,000;15,358,251,629;29;Music;2006
202;EnriqueIglesiasVEVO;12,900,000;15,354,197,058;137;Music;2009
203;Junya.じゅんや;24,800,000;15,293,198,977;5,44;Entertainment;2020
204;KarolGVEVO;3,790,000;15,257,781,473;85;Music;2016
205;Asianet;9,290,000;15,179,054,446;115,787;Entertainment;2008
206;Luis Fonsi;31,400,000;15,094,803,866;171;Entertainment;2014
207;Talking Tom;30,000,000;15,091,639,485;513;Comedy;2010
208;Drake;28,000,000;15,086,193,343;58;Music;2009
209;Family Fun Pack;10,100,000;15,085,433,449;2,474;People & Blogs;2011
210;KBS WORLD TV;18,900,000;15,013,630,792;63,63;Entertainment;2007
211;Saregama Music;34,300,000;15,000,242,914;7,406;Entertainment;2013
212;SportsNation;11,400,000;14,960,218,924;3,762;Sports;2009
213;Raffy Tulfo in Action;26,300,000;14,887,257,788;9,863;News & Politics;2016
214;Mnet K-POP;20,500,000;14,846,600,556;32,398;Entertainment;2006
215;Zhong;27,800,000;14,845,447,997;1,451;Entertainment;2015
216;Tlnovelas;21,300,000;14,789,843,349;38,268;News & Politics;2013
217;Topper Guild;19,900,000;14,737,236,806;759;Comedy;2014
218;Jelly;23,500,000;14,729,936,267;6,018;Gaming;2014
219;Tarang TV;7,360,000;14,716,843,987;48,332;Entertainment;2012
220;Saturday Night Live;13,600,000;14,656,610,231;8,33;Entertainment;2013
221;Miss Katy;23,500,000;14,626,592,018;1,036;People & Blogs;2014
222;Blippi - Educational Videos for Kids;17,800,000;14,612,710,021;664;Education;2014
223;infobells - Telugu;27,800,000;14,601,447,671;491;Education;2014
224;Fox News;10,500,000;14,587,593,627;92,773;News & Politics;2006
225;Rajshri;33,000,000;14,573,468,025;3,639;Music;2006
226;JuegaGerman;48,000,000;14,566,600,619;2,05;Gaming;2013
227;PopularMMOs;17,100,000;14,559,627,322;4,685;Gaming;2012
228;Marshmello;56,300,000;14,554,453,669;431;Entertainment;2015
229;Anuel AA;24,700,000;14,491,240,498;145;Music;2016
230;LuisFonsiVEVO;17,000,000;14,479,464,779;97;Music;2009
231;Genierock;15,300,000;14,465,492,559;1,696;Music;2008
232;7clouds;19,700,000;14,463,757,336;2,338;Music;2013
233;Henrique e Juliano;15,500,000;14,419,246,381;323;Music;2009
234;And TV;17,600,000;14,381,524,402;33,891;Entertainment;2015
235;Thairath Online;16,100,000;14,361,574,640;239,739;News & Politics;2010
236;Younes Zarou;15,000,000;14,322,632,684;2,06;Entertainment;2021
237;CalvinHarrisVEVO;11,700,000;14,243,654,579;182;Music;2009
238;Michael Jackson;28,000,000;14,218,869,893;15;Music;2005
239;XO TEAM;15,300,000;14,211,898,687;3,069;People & Blogs;2021
240;Post Malone;25,300,000;14,183,960,879;73;Music;2011
241;The Chainsmokers;22,500,000;14,131,616,154;177;Music;2012
242;mujjuu___14;23,400,000;14,093,743,334;834;People & Blogs;2020
243;BeyoncéVEVO;12,800,000;14,076,170,260;168;Music;2009
244;Adele;30,100,000;14,034,726,638;15;Music;2008
245;TRANS7 OFFICIAL;24,900,000;14,027,881,603;87,878;Entertainment;2014
246;Trap Nation;30,400,000;13,977,658,881;2,695;Music;2012
247;CNN;15,100,000;13,972,983,102;159,727;News & Politics;2005
248;Filaretiki;12,300,000;13,956,817,260;2,034;;2021
249;RomeoSantosVEVO;8,810,000;13,931,118,956;210;Music;2011
250;Turma da Mônica;18,900,000;13,728,886,993;1,141;Film & Animation;2012
251;ImagineDragonsVEVO;9,630,000;13,712,510,656;195;Music;2012
252;ChrisBrownVEVO;11,900,000;13,684,251,718;298;Music;2009
253;Gusttavo Lima Oficial;19,900,000;13,681,762,808;368;Music;2010
254;Sony AATH;19,300,000;13,623,583,630;18,144;Shows;2013
255;SSundee;22,300,000;13,606,904,636;3,283;Gaming;2009
256;Boram Tube Vlog [보람튜브 브이로그];30,200,000;13,520,150,582;223;Entertainment;2012
257;One Direction;38,100,000;13,506,663,236;157;Music;2010
258;Billie Eilish;47,800,000;13,476,321,402;54;Music;2013
259;ETV Jabardasth;13,900,000;13,391,689,290;9,28;People & Blogs;2015
260;LadyGagaVEVO;8,960,000;13,373,166,438;205;Music;2009
261;RCTI - LAYAR DRAMA INDONESIA;16,400,000;13,371,647,035;71,335;Entertainment;2015
262;NichLmao;24,500,000;13,336,887,138;826;People & Blogs;2018
263;Sia;22,500,000;13,291,351,426;171;Music;2007
264;Fueled By Ramen;14,800,000;13,283,880,495;1,207;Music;2006
265;Wiz Khalifa;27,400,000;13,273,367,710;666;Music;2008
266;Spider Slack;22,900,000;13,232,353,188;843;Comedy;2020
267;ANNA KOVA;11,600,000;13,223,533,321;2,608;People & Blogs;2020
268;Masha y el Oso;27,700,000;13,219,481,297;1,071;Film & Animation;2016
269;Linkin Park;20,300,000;13,205,249,008;716;Music;2006
270;Omar Raja - ESPN;8,330,000;13,142,635,824;1,898;Sports;2007
271;REACT;20,000,000;13,112,666,703;4,226;Entertainment;2007
272;Jimmy Kimmel Live;19,100,000;13,095,591,498;6,526;Entertainment;2006
273;Rotten Tomatoes Trailers;15,700,000;13,068,327,378;10,272;Film & Animation;2011
274;BabyBus - Canciones Infantiles & Videos para Niños;22,700,000;13,065,479,885;1,214;Education;2018
275;rezendeevil;32,000,000;13,019,923,012;11,844;Gaming;2012
276;Kids TV - Nursery Rhymes And Baby Songs;22,400,000;13,004,333,004;3,75;Shows;2013
277;Chapitosiki;14,200,000;12,992,450,866;2,497;Entertainment;2020
278;YoungBoy Never Broke Again;12,600,000;12,975,766,487;141;Entertainment;2015
279;Selena Gomez;33,500,000;12,875,111,819;188;Film & Animation;2008
280;ABP NEWS;36,700,000;12,859,048,244;288,616;People & Blogs;2012
281;Wave Music Bhojpuri;22,900,000;12,827,606,742;22,391;Music;2014
282;AMARINTV : อมรินทร์ทีวี;17,200,000;12,826,135,725;114,154;Entertainment;2014
283;Beam Copphone;7,760,000;12,766,723,010;2,843;Entertainment;2012
284;Jake Fellman;17,200,000;12,763,362,733;409;Entertainment;2012
285;Alan Walker;43,400,000;12,744,898,522;397;Music;2012
286;ABC News;14,400,000;12,741,294,902;79,702;News & Politics;2006
287;Shawn Mendes;29,900,000;12,727,958,339;133;Music;2011
288;Geet MP3;34,100,000;12,626,420,881;647;Music;2016
289;GMMTV OFFICIAL​​;16,200,000;12,623,858,793;23,333;Entertainment;2010
290;DisneyChannelUK;12,400,000;12,572,402,135;4,409;Music;2007
291;ISSEI / いっせい;13,400,000;12,528,026,394;1,801;Comedy;2014
292;Kashvi Adlakha;15,100,000;12,518,386,905;1,471;Entertainment;2017
293;NBA;20,600,000;12,464,762,833;47,252;Sports;2005
294;東海オンエア;6,890,000;12,461,081,587;2,774;Comedy;2013
295;Zee Telugu;13,800,000;12,431,346,346;145,272;Entertainment;2008
296;Atlantic Records;13,800,000;12,416,623,248;1,625;Music;2006
297;Alfredo Larin;14,300,000;12,390,597,424;1,767;Entertainment;2017
298;Pitbull;16,300,000;12,378,494,807;350;Music;2006
299;Daniel LaBelle;23,000,000;12,321,744,572;279;Comedy;2009
300;AdeleVEVO;15,100,000;12,315,616,729;52;Music;2009
301;Jojo Sim;9,940,000;12,298,365,518;1,572;Entertainment;2013
302;ItsFunneh;10,100,000;12,242,997,549;2,576;Gaming;2011
303;CKN;18,700,000;12,241,740,756;478;Entertainment;2015
304;Like Nastya AE;24,000,000;12,225,958,326;645;Entertainment;2018
305;Diana and Roma ESP;30,400,000;12,207,117,963;567;;2016
306;michaeljacksonVEVO;8,060,000;12,201,791,105;138;Music;2009
307;Dangal TV Channel;20,500,000;12,196,421,967;18,737;Entertainment;2017
308;Kaji Family;9,140,000;12,153,809,202;1,036;Entertainment;2016
309;Gulshan Kalra;25,500,000;12,115,931,158;529;Howto & Style;2018
310;Zadruga Official;2,180,000;12,093,168,742;147,147;Entertainment;2018
311;OneDirectionVEVO;21,800,000;12,080,512,766;266;Music;2010
312;The McCartys;7,800,000;12,067,698,469;2,203;Entertainment;2013
313;Colors Rishtey;14,300,000;11,998,032,203;22,21;Entertainment;2013
314;Ajay Sharma;17,600,000;11,993,669,539;873;Entertainment;2012
315;Jamuna TV;13,800,000;11,956,209,621;106,814;News & Politics;2017
316;As/Is;10,400,000;11,917,405,085;4,824;People & Blogs;2013
317;SOMOY TV;19,400,000;11,912,242,952;141,571;News & Politics;2015
318;ChainsmokersVEVO;11,000,000;11,900,180,173;247;Music;2012
319;eltrece;12,200,000;11,899,992,076;164,212;Entertainment;2014
320;Dylan Anderson;6,670,000;11,890,162,225;1,109;;2010
321;Lahari Music - TSeries;16,500,000;11,834,462,438;8,887;Music;2011
322;House of Highlights;9,360,000;11,754,588,085;35,11;Sports;2018
323;JTBC Entertainment;7,630,000;11,730,877,278;78,908;Entertainment;2012
324;DisneyJuniorUK;11,300,000;11,717,307,341;2,797;Entertainment;2010
325;BabyBus - Cerita & Lagu Anak-anak;20,100,000;11,703,881,368;830;Education;2019
326;KOMPASTV;14,900,000;11,702,806,835;262,525;News & Politics;2013
327;Codiscos;13,300,000;11,647,321,422;7,328;Music;2007
328;Mnet TV;9,060,000;11,594,665,155;22,343;Entertainment;2013
329;Ishaan Ali 11;18,800,000;11,589,402,335;895;People & Blogs;2016
330;LittleGlove;11,400,000;11,542,810,475;1,566;People & Blogs;2020
331;Лунтик;7,620,000;11,508,088,005;1,475;Film & Animation;2007
332;FAMILY BOOMS;10,100,000;11,483,563,829;1,166;Entertainment;2021
333;RsiamMusic : อาร์สยาม;18,300,000;11,480,822,473;3,047;Music;2011
334;Like Nastya PRT;22,500,000;11,461,906,841;641;Entertainment;2019
335;Flowers Comedy;12,400,000;11,460,044,094;11,594;Entertainment;2015
336;Mr DegrEE;14,000,000;11,445,016,169;1,273;Science & Technology;2017
337;Los Ángeles Azules;8,760,000;11,417,913,645;114;People & Blogs;2011
338;FFUNTV;15,300,000;11,409,107,782;379;Gaming;2018
339;KHANDESHI MOVIES;33,400,000;11,370,269,384;213;Comedy;2013
340;El Reino a Jugar;17,100,000;11,348,507,944;989;Education;2015
341;Zé Neto e Cristiano;15,000,000;11,327,666,338;319;Music;2012
342;Zee Bangla;14,000,000;11,326,707,100;135,555;Entertainment;2008
343;SelenaGomezVEVO;14,400,000;11,314,257,045;186;Music;2009
344;Cartoon Network;11,500,000;11,291,696,684;4,918;Entertainment;2006
345;Rauw Alejandro;12,800,000;11,274,526,535;153;Music;2014
346;Lucas and Marcus;31,100,000;11,273,289,584;1,256;Entertainment;2011
347;Pencilmation;20,000,000;11,267,768,056;1,46;Film & Animation;2007
348;Enaldinho;28,200,000;11,266,909,640;3,561;Comedy;2012
349;Britain's Got Talent;19,600,000;11,236,248,289;4,177;Entertainment;2008
350;Woody & Kleiny;13,200,000;11,230,545,543;939;Comedy;2013
351;GMA Public  Affairs;21,100,000;11,207,871,991;30,902;Entertainment;2009
352;Taylor Red TV;9,110,000;11,188,784,059;10,95;Music;2021
353;Zee Tamil;12,300,000;11,156,939,067;99,425;Entertainment;2008
354;Jingle Toons;33,300,000;11,148,233,161;237;Film & Animation;2013
355;Dua Lipa;21,700,000;11,140,498,250;164;Music;2011
356;Blippi Toys;10,600,000;11,138,493,248;564;People & Blogs;2015
357;YTN;3,950,000;11,124,145,280;681,318;News & Politics;2013
358;Indosiar;25,200,000;11,118,361,253;64,455;Music;2013
359;TV9 Marathi;8,470,000;11,071,630,909;283,341;News & Politics;2014
360;O Reino Infantil;14,500,000;11,059,879,195;1,176;Music;2014
361;MBCNEWS;3,370,000;11,031,271,289;187,29;News & Politics;2006
362;الـريماس - Al-Remas;17,300,000;11,023,447,647;2,096;Music;2013
363;Dhar Mann;18,200,000;10,999,587,030;874;People & Blogs;2018
364;Kinder Spielzeug Kanal (Kidibli);21,900,000;10,985,344,263;971;Entertainment;2015
365;Diana and Roma ARA;24,000,000;10,955,624,422;579;;2019
366;HikakinTV;11,300,000;10,954,537,523;3,316;Comedy;2011
367;हिंदी - Genevieve's Playhouse;20,200,000;10,946,027,081;106;Education;2018
368;Taarak Mehta Ka Ooltah Chashmah;16,800,000;10,939,446,724;4,424;Entertainment;2014
369;BehindwoodsTV;12,000,000;10,916,895,007;49,789;Entertainment;2010
370;WB Kids;24,900,000;10,878,413,584;1,992;People & Blogs;2015
371;Official Pink Panther;19,500,000;10,839,327,779;713;Film & Animation;2013
372;Ninja Kidz TV;20,300,000;10,830,962,302;294;Entertainment;2017
373;White Hill Music;22,900,000;10,821,631,150;5,629;Entertainment;2014
374;Think Music India;13,600,000;10,820,008,075;4,858;Music;2009
375;OYUNCAKOYNUYORUM;11,400,000;10,819,743,528;876;Entertainment;2016
376;Star Maa;8,270,000;10,794,185,493;39,464;Shows;2006
377;SiaVEVO;9,610,000;10,742,922,500;109;Music;2009
378;Black Eyed Peas;12,100,000;10,741,101,541;98;Music;2007
379;Queen Official;16,900,000;10,732,131,772;983;Music;2008
380;ShawnMendesVEVO;10,400,000;10,702,482,979;147;Music;2014
381;BRIGHT SIDE;44,500,000;10,687,457,246;5,952;Howto & Style;2017
382;Kênh Thiếu Nhi - BHMEDIA;11,600,000;10,677,173,428;9,343;Film & Animation;2014
383;LIV Crime;20,300,000;10,636,643,280;9,101;People & Blogs;2020
384;officialpsy;18,100,000;10,625,478,497;130;Music;2010
385;Mother Goose Club;9,240,000;10,612,601,431;1,422;Education;2008
386;LosAngelesAzulesVEVO;1,640,000;10,587,983,966;108;Music;2009
387;Dave and Ava - Nursery Rhymes and Baby Songs;15,200,000;10,581,553,003;824;Education;2014
388;Lyrical Lemonade;20,900,000;10,531,311,706;418;Entertainment;2013
389;Becky G;21,200,000;10,520,776,254;78;Music;2011
390;Mr Bean;31,900,000;10,519,451,623;3,023;Shows;2006
391;СТС;12,100,000;10,513,896,681;10,764;People & Blogs;2007
392;Vlad and Niki Arabic;22,300,000;10,513,734,006;511;;2018
393;Alejo Igoa;23,400,000;10,492,749,166;766;Comedy;2014
394;NoCopyrightSounds;33,400,000;10,463,551,851;1,305;Music;2011
395;XXXTENTACION;39,000,000;10,438,421,806;132;Music;2015
396;Polimer News;8,930,000;10,413,019,001;195,91;News & Politics;2014
397;PitbullVEVO;9,430,000;10,403,859,053;197;Music;2009
398;Теремок ТВ;11,800,000;10,376,092,175;3,073;Entertainment;2012
399;Smosh;25,000,000;10,352,137,333;1,595;Comedy;2005
400;Sebastián Yatra;17,900,000;10,338,754,377;236;News & Politics;2013
401;Troom Troom;23,700,000;10,322,106,847;2,344;Howto & Style;2015
402;Robin Hood Gamer;20,000,000;10,308,811,644;4,004;Entertainment;2014
403;ABS-CBN News;15,000,000;10,293,677,862;190,556;News & Politics;2009
404;enchufetv;26,700,000;10,290,070,849;941;Comedy;2011
405;Fernanfloo;46,000,000;10,283,997,115;543;Gaming;2011
406;Priyal Kukreja;16,100,000;10,247,124,814;731;People & Blogs;2021
407;imkavy;8,450,000;10,221,084,609;2,16;People & Blogs;2015
408;YimYam TV;8,690,000;10,208,327,691;2,709;People & Blogs;2015
409;Avicii;20,600,000;10,200,022,564;153;Music;2009
410;MSNBC;5,690,000;10,180,098,842;68,24;News & Politics;2011
411;ESPN;9,370,000;10,158,837,760;67,374;Sports;2005
412;Jennifer Lopez;16,200,000;10,153,485,079;258;Music;2005
413;Desi Music Factory;33,700,000;10,138,520,569;130;Music;2014
414;Nicki Minaj;25,500,000;10,136,693,910;41;Music;2013
415;★ Kids Roma Show;27,000,000;10,122,570,139;635;People & Blogs;2015
416;Family Fitness;12,000,000;10,122,016,003;1,64;Entertainment;2017
417;The Lallantop;24,800,000;10,101,369,049;49,527;News & Politics;2015
418;SAM SMITH;16,300,000;10,066,688,609;215;Music;2012
419;Flamingo;11,800,000;10,023,127,200;2,411;Gaming;2017
420;Zee मराठी;9,300,000;10,019,074,753;115,392;Entertainment;2007
421;Kan & Aki's CHANNELかんあきチャンネル;3,670,000;9,967,797,252;2,573;People & Blogs;2010
422;DopeLyrics;15,900,000;9,950,102,904;2,026;Music;2016
423;TV9 Bharatvarsh;14,000,000;9,938,698,354;277,48;People & Blogs;2018
424;50 Cent;14,800,000;9,930,696,191;419;Music;2007
425;The Late Late Show with James Corden;28,400,000;9,926,662,203;5,814;Entertainment;2006
426;JesseAndMike;13,000,000;9,922,681,150;703;Entertainment;2007
427;SQUEEZIE;18,100,000;9,917,123,037;1,516;Gaming;2011
428;RizaNovaUZ;10,000,000;9,858,348,078;8,335;Music;2013
429;Aditya Movies;28,000,000;9,842,734,199;5,296;Movies;2012
430;Chetan Monga Vlogs;14,400,000;9,835,592,151;882;People & Blogs;2014
431;Future;12,700,000;9,819,121,978;58;Music;2011
432;Salman Noman;15,500,000;9,818,401,699;684;Entertainment;2013
433;Charlie Puth;22,000,000;9,794,574,287;152;Music;2009
434;Tool Items;7,110,000;9,778,558,845;278;People & Blogs;2012
435;Saito さいとう;8,950,000;9,777,818,661;3,277;;2021
436;Vania Mania Kids;22,300,000;9,773,106,479;969;People & Blogs;2015
437;Tv9 Kannada;9,530,000;9,770,725,639;259,206;News & Politics;2010
438;Like Nastya VNM;17,800,000;9,769,603,581;586;Entertainment;2019
439;Enes Batur;15,900,000;9,758,430,333;1,986;Gaming;2012
440;Lizos Music;7,350,000;9,756,668,060;557;Music;2014
441;Россия 24;8,850,000;9,756,218,275;258,594;News & Politics;2012
442;SEVENGERS;13,600,000;9,752,053,806;833;Comedy;2018
443;はじめしゃちょー（hajime）;10,500,000;9,734,073,069;2,773;Entertainment;2012
444;Volga Video;15,600,000;9,729,280,722;16,664;Film & Animation;2012
445;SCTV;19,600,000;9,717,885,116;52,816;Entertainment;2011
446;avex;5,960,000;9,669,429,660;15,238;Music;2008
447;BeckyGVEVO;6,270,000;9,663,954,176;116;Music;2012
448;Green Gold TV - Official Channel;19,900,000;9,660,643,722;1,686;Film & Animation;2011
449;Ray William Johnson;14,700,000;9,659,447,579;1,715;Entertainment;2008
450;Azhan5star;20,300,000;9,656,964,000;627;Entertainment;2021
451;BlackEyedPeasVEVO;3,860,000;9,654,474,029;128;Music;2009
452;TRANS TV Official;17,100,000;9,651,948,646;146,196;Entertainment;2014
453;Sony Music South;14,600,000;9,650,185,126;2,618;Music;2014
454;BillionSurpriseToys  - Nursery Rhymes & Cartoons;51,800,000;9,648,015,010;795;Education;2013
455;BBC;13,500,000;9,636,859,008;15,626;Pets & Animals;2005
456;BillieEilishVEVO;1,090,000;9,632,862,463;109;Music;2016
457;Little Angel Español - Canciones Infantiles;18,900,000;9,618,780,604;695;Education;2018
458;Gallina Pintadita;13,900,000;9,583,401,545;62;Music;2011
459;Las Ratitas;25,100,000;9,577,882,282;225;People & Blogs;2015
460;Vlad and Niki IDN;20,500,000;9,556,668,085;483;;2018
461;DrakeVEVO;9,210,000;9,547,460,206;117;Music;2009
462;The Dodo;13,700,000;9,543,396,540;7,755;Pets & Animals;2014
463;Jane & Sergio 🥰;11,500,000;9,538,235,101;1,297;;2018
464;Jason Derulo;17,600,000;9,530,477,751;640;Music;2008
465;Познаватель;18,700,000;9,510,467,390;525;Entertainment;2014
466;tvN D ENT;4,380,000;9,508,690,852;26,573;Entertainment;2013
467;Me contro Te;6,560,000;9,507,612,430;2,493;Entertainment;2014
468;La Rosa de Guadalupe;15,900,000;9,505,118,360;7,783;Entertainment;2015
469;Sun Bangla;8,760,000;9,491,381,317;20,102;Entertainment;2018
470;HUBA후바;12,600,000;9,480,568,650;515;Entertainment;2021
471;POPS Kids;16,000,000;9,467,045,692;3,885;Music;2014
472;Techno Gamerz;33,700,000;9,463,684,045;935;Gaming;2017
473;Stone Music Entertainment;10,600,000;9,459,178,358;10,114;Music;2011
474;Farruko;18,700,000;9,456,351,212;207;Music;2009
475;GMA Integrated News;13,300,000;9,446,343,611;291,836;News & Politics;2007
476;Peet Montzingo;12,800,000;9,416,875,430;306;People & Blogs;2014
477;Family Box;11,600,000;9,370,055,593;1,178;People & Blogs;2015
478;Ch7HD;16,200,000;9,357,749,392;53,961;Entertainment;2010
479;DUDU e CAROL;21,300,000;9,357,260,386;2,934;Autos & Vehicles;2013
480;V6 News Telugu;8,920,000;9,356,412,267;250,319;News & Politics;2013
481;Major Lazer Official;14,700,000;9,328,001,440;437;Music;2009
482;GMM25Thailand;14,400,000;9,321,615,213;66,521;Entertainment;2011
483;Cartoon Network UK;9,710,000;9,302,914,717;4,715;Entertainment;2007
484;ILYA BORZOV;14,100,000;9,290,975,946;2,119;People & Blogs;2021
485;SriBalajiMovies;16,400,000;9,250,500,549;19,289;Entertainment;2011
486;Danny Fitt;16,000,000;9,248,719,578;2,243;People & Blogs;2016
487;The Late Show with Stephen Colbert;9,130,000;9,240,643,596;10,35;Entertainment;2015
488;Eva Bravo Play;21,500,000;9,237,306,180;219;Entertainment;2019
489;zbing z.;17,500,000;9,202,832,169;3,091;Gaming;2014
490;FV FAMILY;10,200,000;9,200,983,032;745;Comedy;2018
491;TIKTORIKI;5,280,000;9,198,105,756;652;Comedy;2021
492;웃웃TwinsFromRussia;12,800,000;9,194,514,480;6,739;People & Blogs;2011
493;Adam W;12,600,000;9,188,273,646;663;Comedy;2015
494;KBS Entertain;5,160,000;9,162,433,077;118,017;Entertainment;2011
495;Don Omar;10,100,000;9,157,304,973;179;Music;2009
496;Aayu and Pihu Show;16,800,000;9,149,290,776;429;Comedy;2017
497;Bobby chourasiya;16,500,000;9,140,190,837;419;People & Blogs;2019
498;Hear This Music;14,500,000;9,137,727,369;39;Music;2016
499;AviciiOfficialVEVO;10,700,000;9,129,854,650;137;Music;2011
500;How Ridiculous;17,400,000;9,121,873,889;642;Sports;2009
501;Tilak;22,300,000;9,083,481,597;6,165;Film & Animation;2020
502;Guava Juice;16,900,000;9,074,504,549;1,909;Gaming;2006
503;POCOYÓ en ESPAÑOL - Canal Oficial;12,100,000;9,064,864,170;1,735;Film & Animation;2007
504;Sourav Joshi Vlogs;21,200,000;9,051,047,597;1,343;People & Blogs;2019
505;MK MUSIC;15,800,000;9,039,164,030;5,047;Music;2010
506;Rano's Home رانو هوم;6,580,000;9,010,380,709;1,349;People & Blogs;2020
507;karameeshchannel;13,800,000;9,005,412,903;2,237;Entertainment;2012
508;Jorge & Mateus Oficial;14,800,000;8,971,366,311;318;Music;2008
509;MBCkpop;10,400,000;8,970,209,348;46,282;Music;2011
510;Zig & Sharko;14,400,000;8,963,596,506;959;Film & Animation;2015
511;mingweirocks;8,880,000;8,955,385,070;572;Comedy;2018
512;JenniferLopezVEVO;6,850,000;8,945,521,940;123;Music;2009
513;Les' Copaque Production;17,500,000;8,925,014,285;1,681;Film & Animation;2009
514;YOLO AVENTURAS;29,300,000;8,922,556,714;1,58;People & Blogs;2018
515;Thanthi TV;8,370,000;8,920,341,107;295,465;News & Politics;2012
516;AuthenticGames;20,100,000;8,914,128,118;4,932;Gaming;2011
517;Sevimli Dostlar;8,260,000;8,913,156,712;829;Education;2013
518;Guns N' Roses;11,300,000;8,907,116,253;31;Music;2018
519;Brancoala;11,900,000;8,900,649,475;1,879;Entertainment;2008
520;Kids Line♡キッズライン;13,200,000;8,899,016,227;2,709;People & Blogs;2011
521;The Vishal bhatt;12,600,000;8,886,865,053;981;Comedy;2021
522;Blippi Español;15,400,000;8,878,842,142;579;People & Blogs;2017
523;TheMermaidscales;8,190,000;8,877,930,442;2,347;Entertainment;2017
524;ABP MAJHA;10,700,000;8,871,892,818;296,055;News & Politics;2014
525;unknown boy varun;22,100,000;8,859,433,179;419;Music;2016
526;Jason Vlogs;17,100,000;8,804,621,752;759;Education;2015
527;Unspeakable;15,600,000;8,803,583,330;775;Gaming;2016
528;PostMaloneVEVO;3,880,000;8,797,988,386;85;Music;2014
529;NickiMinajAtVEVO;12,600,000;8,789,162,995;99;Music;2010
530;5-Minute Crafts Recycle;14,800,000;8,789,126,012;3,696;People & Blogs;2019
531;Rubén Tuesta oficial;14,200,000;8,779,258,434;881;Comedy;2016
532;With Kids[위드키즈];16,600,000;8,777,823,473;907;Entertainment;2012
533;A2 Motivation by Arvind Arora;14,700,000;8,764,866,639;3,007;Entertainment;2017
534;Netflix Jr.;14,500,000;8,762,380,121;1,943;Education;2012
535;HobbyFamilyTV;4,800,000;8,759,980,169;3,538;Entertainment;2013
536;SBS Entertainment;6,770,000;8,758,707,751;226,734;Entertainment;2011
537;LazarBeam;20,500,000;8,738,106,071;1,322;Gaming;2015
538;Fozi Mozi;9,800,000;8,728,275,723;972;Entertainment;2009
539;Little Angel - Músicas Infantis em Português;14,900,000;8,718,394,260;775;Entertainment;2018
540;SebastianYatraVEVO;2,800,000;8,703,490,560;117;Music;2014
541;Good Mythical Morning;18,200,000;8,702,599,730;3,285;Entertainment;2008
542;Ian Boggs;12,500,000;8,698,774,782;1,269;Entertainment;2010
543;Manchurek Triplets;7,890,000;8,692,772,784;2,096;Comedy;2020
544;Manorama News;7,700,000;8,678,405,490;415,239;News & Politics;2014
545;Heroindori;20,600,000;8,657,251,927;462;Comedy;2020
546;DisneyMusicLAVEVO;9,450,000;8,653,223,330;651;Music;2016
547;tabii Urdu;19,500,000;8,650,804,485;1,243;Entertainment;2020
548;شبكة العاب العرب | Arab Games Network;18,000,000;8,644,056,423;6,161;Gaming;2013
549;SKITS;8,530,000;8,640,180,178;2,66;Entertainment;2021
550;Smile Family;22,300,000;8,631,384,152;501;People & Blogs;2018
551;Luke Davidson;11,000,000;8,620,274,693;887;Entertainment;2012
552;Pop Chartbusters;16,800,000;8,601,384,247;2,229;Music;2011
553;Meghan Trainor;14,700,000;8,580,978,379;225;People & Blogs;2008
554;Caso Cerrado;11,000,000;8,567,747,284;3,925;Entertainment;2015
555;Luisito Comunica;40,400,000;8,561,326,655;1,256;Comedy;2012
556;THE BROWN SIBLINGS;14,700,000;8,542,769,438;912;Entertainment;2016
557;NFL;11,200,000;8,525,888,777;29,984;Sports;2014
558;Telemundo;14,500,000;8,524,314,515;19,099;Entertainment;2007
559;Goldmines Dishoom;27,700,000;8,520,481,194;3,769;Film & Animation;2016
560;TV9 Telugu Live;10,000,000;8,500,380,585;261,501;Entertainment;2011
561;Goldmines Bollywood;25,900,000;8,494,373,067;3,473;Film & Animation;2015
562;OTV;9,170,000;8,491,978,487;249,786;News & Politics;2012
563;AC/DC;9,920,000;8,483,296,965;140;Music;2005
564;Christian Nodal;10,700,000;8,468,446,245;15;People & Blogs;2017
565;M2DK.マツダ家の日常;8,880,000;8,457,580,140;4,484;Comedy;2020
566;SamSmithVEVO;6,350,000;8,444,835,971;147;Music;2013
567;CS Bisht Vines;11,300,000;8,434,964,017;109;Film & Animation;2017
568;Star Jalsha;8,840,000;8,424,871,253;29,456;Shows;2011
569;VENDY YADUWANSHI;11,700,000;8,424,610,300;832;Entertainment;2020
570;kevingatesTV;8,050,000;8,420,974,844;418;Music;2012
571;Luli Pampín;13,800,000;8,387,400,263;287;Music;2012
572;SHOPEE Indonesia;2,820,000;8,382,306,261;5,605;People & Blogs;2015
573;Team Coco;8,630,000;8,374,260,040;10,527;Comedy;2008
574;Jessi & Sean;8,060,000;8,364,997,205;496;;2011
575;Jeevan Akawa;9,310,000;8,356,988,184;1,946;;2014
576;DJ Snake;24,100,000;8,353,847,083;241;Music;2008
577;Prime Video India;14,000,000;8,338,877,690;6,574;Entertainment;2016
578;MSA previously My Story Animated;17,400,000;8,329,442,773;1,083;Film & Animation;2019
579;Oyuncak Avı;15,200,000;8,328,616,873;657;Entertainment;2014
580;Natan por Aí;11,600,000;8,328,327,298;1,154;Sports;2017
581;KanalD;8,060,000;8,301,570,679;28,138;Entertainment;2006
582;Poll Production;5,400,000;8,300,143,756;6,366;Music;2011
583;Влад и Никита;13,600,000;8,297,677,218;489;;2018
584;German Spidey;7,530,000;8,293,382,683;1,17;Comedy;2021
585;Britney Spears;10,200,000;8,281,056,768;68;Music;2005
586;Slogo;11,300,000;8,277,210,230;5,82;Gaming;2013
587;Reik;9,700,000;8,261,175,697;181;Music;2005
588;invictor;21,000,000;8,260,930,509;2,249;Gaming;2013
589;Apu Alone;5,870,000;8,250,372,316;2,686;Comedy;2021
590;Vlad and Niki ESP;21,300,000;8,223,827,642;500;;2018
591;Annoying Orange;11,800,000;8,220,819,687;2,031;Shows;2010
592;Wow Kidz Action;18,700,000;8,211,025,304;1,688;Film & Animation;2017
593;News 24;17,600,000;8,205,399,369;215,536;News & Politics;2014
594;Gaby and Alex;17,000,000;8,195,488,701;360;Entertainment;2012
595;Masha e o Urso;18,700,000;8,193,357,392;1,083;Shows;2016
596;Lady Diana;13,400,000;8,192,330,839;1,385;Entertainment;2016
597;Cat Music;7,390,000;8,184,497,773;2,653;Music;2007
598;Harpreet SDC;10,900,000;8,140,626,782;2,164;Entertainment;2019
599;Videogyan Kids - Learning Videos & Nursery Rhymes;11,200,000;8,120,922,346;1,014;Education;2011
600;Nickelodeon;10,300,000;8,116,521,201;4,567;Entertainment;2005
601;Romina Gafur;5,220,000;8,099,237,569;2,684;Entertainment;2015
602;Preston;23,700,000;8,095,509,361;3,987;Gaming;2012
603;ماشا و الدب;15,200,000;8,093,805,469;978;Shows;2017
604;Like Nastya Vlog;18,400,000;8,088,545,160;481;People & Blogs;2016
605;Wesley Safadão;13,700,000;8,077,776,788;433;Music;2009
606;BigSchool;12,100,000;8,076,924,326;2,666;Gaming;2019
607;M2;9,100,000;8,064,884,862;19,493;Music;2014
608;Secret Vlog;7,310,000;8,061,727,345;1,56;Comedy;2019
609;Kids Play;16,200,000;8,060,772,313;587;Entertainment;2018
610;rsfriends;9,820,000;8,059,977,231;3,859;Music;2009
611;Linh Nhi Shorts;8,870,000;8,059,533,992;1,175;;2013
612;5-Minute Crafts SHORTS;8,720,000;8,056,443,006;1,704;People & Blogs;2021
613;stampylonghead;10,700,000;8,031,551,963;4,014;Gaming;2011
614;MNCTV OFFICIAL;14,800,000;8,022,481,051;64,712;Entertainment;2012
615;tuzelity SHUFFLE;18,800,000;8,020,181,668;865;People & Blogs;2015
616;HIMAWARIちゃんねる;3,140,000;7,995,667,091;2,389;People & Blogs;2014
617;TonyTV;9,150,000;7,991,160,251;629;Pets & Animals;2016
618;BabyBus - Nhạc thiếu nhi;7,790,000;7,985,658,532;804;Education;2019
619;A for Adley - Learning & Fun;5,670,000;7,982,714,307;616;Entertainment;2017
620;Барбоскины;7,500,000;7,980,966,562;1,206;Film & Animation;2011
621;POPS MUSIC;9,830,000;7,962,514,198;18,621;Music;2013
622;Lil Baby Official 4PF;8,620,000;7,961,122,879;76;Entertainment;2017
623;Paulo Londra;22,400,000;7,958,271,128;58;Music;2016
624;NATTI NATASHA;12,200,000;7,939,837,709;202;Music;2015
625;P!NK;12,100,000;7,933,823,067;37;Music;2006
626;Cam Casey;6,820,000;7,932,063,879;3,11;People & Blogs;2017
627;KiKiDo;11,300,000;7,930,237,557;795;People & Blogs;2015
628;Fifth Harmony;14,600,000;7,910,888,884;67;Music;2013
629;Теремок - Песенки для детей;11,500,000;7,904,597,685;1,311;Shows;2014
630;VexTrex;13,200,000;7,903,652,038;3,383;Entertainment;2014
631;Bayashi TV;13,800,000;7,893,846,128;1,115;Entertainment;2021
632;Travis Scott;16,600,000;7,893,667,882;13;Music;2013
633;Valentina Pontes ofc;23,300,000;7,891,140,180;1,282;Film & Animation;2014
634;Mikael TubeHD;11,200,000;7,888,651,980;1,516;People & Blogs;2014
635;Crazy Frog;14,100,000;7,873,137,893;37;Music;2009
636;Gültekin Ailesi;6,730,000;7,862,617,453;24,207;People & Blogs;2017
637;Peppa Pig Español Latino - Canal Oficial;23,400,000;7,857,612,716;1,211;Film & Animation;2014
638;Vat19;8,980,000;7,842,026,600;1,946;Entertainment;2007
639;1MILLION Dance Studio;26,100,000;7,839,546,386;5,524;Entertainment;2015
640;روتانا خليجية;10,000,000;7,839,221,987;21,408;Entertainment;2011
641;Renato Garcia YT;26,700,000;7,835,460,144;3,878;Entertainment;2011
642;Morphle TV;11,400,000;7,803,130,050;1,332;Entertainment;2011
643;Vijay Kumar Viner Vlogs;12,900,000;7,802,008,334;1,271;Entertainment;2019
644;BIGBANG;15,000,000;7,790,921,334;776;Music;2005
645;Você Sabia?;44,500,000;7,784,234,620;1,525;Entertainment;2013
646;ABPLIVE;24,800,000;7,780,440,468;177,079;People & Blogs;2017
647;せんももあいしーチャンネル;11,300,000;7,772,821,776;3,353;People & Blogs;2006
648;RS 1313 SHORTS;14,100,000;7,772,453,329;5,426;Entertainment;2020
649;ToysPlay;11,700,000;7,772,137,165;466;Entertainment;2015
650;vicentefernandez®;6,750,000;7,767,296,377;121;Music;2006
651;MEGA Oficial;9,030,000;7,748,264,087;43,332;Entertainment;2012
652;Patati Patatá;9,720,000;7,744,171,811;429;Music;2011
653;HaAshOficial;9,390,000;7,722,015,092;172;Music;2008
654;Ceylin - H Official;11,200,000;7,715,295,037;417;Music;2015
655;tvN drama;6,640,000;7,709,241,624;52,618;Entertainment;2011
656;Flashback FM;7,650,000;7,699,963,743;1,649;Film & Animation;2010
657;Porta dos Fundos;17,700,000;7,693,129,313;2,2;Entertainment;2012
658;Anand Audio;10,700,000;7,690,610,564;4,986;Music;2011
659;Clean Bandit;10,300,000;7,687,810,078;220;Music;2010
660;Pari's Lifestyle;12,400,000;7,685,308,606;446;People & Blogs;2018
661;Mariah Carey;9,750,000;7,683,362,874;122;Music;2006
662;Tayo the Little Bus;9,730,000;7,649,269,268;3,196;Film & Animation;2005
663;3Palavrinhas;8,350,000;7,646,499,615;808;Film & Animation;2013
664;PaulVuTV;9,110,000;7,645,903,583;2,181;Entertainment;2015
665;Rafa & Luiz;20,500,000;7,630,349,570;2,793;Entertainment;2015
666;Oddbods - Official Channel;10,200,000;7,623,962,934;1,594;Film & Animation;2014
667;OneRepublic;10,400,000;7,622,230,530;92;Music;2006
668;Right to Shiksha;12,400,000;7,616,739,168;1,929;Education;2020
669;Infobells Bangla;15,300,000;7,616,701,306;345;Education;2016
670;Miley Cyrus;18,200,000;7,612,832,523;142;Entertainment;2009
671;Julia MineGirl;10,000,000;7,600,105,832;2,474;Gaming;2015
672;Cardi B;18,800,000;7,583,667,090;60;People & Blogs;2016
673;FutureVEVO;4,410,000;7,577,611,447;320;Music;2010
674;Antena 3;7,630,000;7,575,973,690;26,316;Entertainment;2006
675;Matheus e Kauan;10,700,000;7,572,645,919;287;Music;2011
676;Crazy XYZ;27,000,000;7,572,384,889;1,238;Entertainment;2017
677;penguinz0;13,100,000;7,569,730,726;4,523;Gaming;2007
678;Kirya Kolesnikov;11,900,000;7,567,759,777;2,248;Sports;2011
679;Sonotek;19,100,000;7,554,572,676;8,266;Entertainment;2011
680;reikVEVO;3,510,000;7,552,636,345;225;Music;2009
681;Zee Kids;12,200,000;7,552,078,875;1,186;Film & Animation;2012
682;Компот;13,800,000;7,549,917,566;2,164;Gaming;2013
683;CRAZY GREAPA;9,190,000;7,543,200,940;724;Entertainment;2017
684;Busy Fun Ltd;18,400,000;7,540,893,663;194;;2019
685;atv;11,200,000;7,523,400,256;24,897;Entertainment;2014
686;Pica - Pica Oficial;10,200,000;7,499,914,402;302;Music;2013
687;CantaJuegoVEVO;9,720,000;7,499,725,819;544;Music;2011
688;Angry Birds;6,180,000;7,499,159,082;2,53;Gaming;2006
689;DJSnakeVEVO;6,490,000;7,496,966,694;58;Music;2014
690;Klara Tania;9,860,000;7,494,744,870;1,627;;2021
691;Akshay Nagwadiya;21,900,000;7,484,559,029;542;Entertainment;2017
692;Little Mix;16,300,000;7,476,538,265;278;Music;2011
693;Netflix India;21,500,000;7,474,761,079;3,487;People & Blogs;2016
694;TopMovieClips;10,500,000;7,473,976,458;344;Film & Animation;2017
695;Mikael Family;6,840,000;7,473,122,656;1,988;;2018
696;Tribun Timur;7,370,000;7,470,930,995;63,491;News & Politics;2011
697;Wood Mood;7,940,000;7,467,820,425;1,303;Howto & Style;2021
698;เรื่องเล่าเช้านี้;10,200,000;7,450,014,908;119,924;News & Politics;2012
699;LosPolinesios;25,700,000;7,433,955,462;969;People & Blogs;2012
700;HaAshVEVO;3,990,000;7,425,346,431;179;Music;2009
701;Troom Troom Es;19,600,000;7,411,448,917;2,851;People & Blogs;2016
702;T-Series Hamaar Bhojpuri;14,900,000;7,408,740,844;9,783;Entertainment;2011
703;Shemaroo Movies;27,700,000;7,407,301,702;2,881;Entertainment;2011
704;AlArabiya العربية;12,700,000;7,407,255,917;163,982;People & Blogs;2006
705;elrubiusOMG;40,400,000;7,403,908,315;703;Gaming;2011
706;Bizarrap;20,300,000;7,396,864,865;82;Comedy;2017
707;NMF News;16,500,000;7,392,979,814;109,915;News & Politics;2013
708;SBS Drama;6,640,000;7,387,941,209;345,823;Entertainment;2011
709;Aventura;6,480,000;7,384,655,381;103;Music;2006
710;GH'S;11,600,000;7,377,288,204;435;Gaming;2020
711;FunFun Toy Doll TV;16,500,000;7,369,534,224;735;Entertainment;2016
712;MeghanTrainorVEVO;8,020,000;7,364,737,975;264;Music;2014
713;elcarteldesantatv;12,400,000;7,356,388,939;351;Music;2008
714;HikakinGames;5,790,000;7,354,576,278;2,068;Gaming;2013
715;Letupita725HD★;4,710,000;7,351,291,438;2,585;Film & Animation;2012
716;Vlad and Niki ARA;16,000,000;7,343,495,755;495;;2019
717;Just For Laughs Gags;13,200,000;7,331,346,134;6,84;Comedy;2007
718;Jane ASMR 제인;17,700,000;7,330,881,520;2,167;;2012
719;jaanvi patel;16,200,000;7,327,173,366;494;People & Blogs;2018
720;GunsNRosesVEVO;4,600,000;7,321,884,929;112;Music;2009
721;WhenGamersFail ► Lyon;4,790,000;7,311,204,076;7,247;Gaming;2012
722;FaZe Rug;23,500,000;7,299,601,255;2,145;Gaming;2012
723;Jake Paul;20,300,000;7,297,183,141;960;People & Blogs;2013
724;FifthHarmonyVEVO;9,520,000;7,297,147,333;87;Music;2013
725;TEDx Talks;38,400,000;7,289,877,077;198,624;Nonprofits & Activism;2009
726;Justin Flom;8,600,000;7,280,046,341;548;Entertainment;2006
727;Fede Vigevani;21,900,000;7,279,908,053;1,047;Howto & Style;2009
728;50CentVEVO;4,450,000;7,274,562,477;64;Music;2009
729;Myke Towers;9,910,000;7,270,455,592;147;Music;2012
730;Toy Freaks;8,542,367;7,263,410,223;506;Entertainment;2012
731;BritneySpearsVEVO;4,890,000;7,257,857,891;110;Music;2009
732;Anitta;17,100,000;7,256,920,098;119;Music;2011
733;BeatboxJCOP;13,800,000;7,244,547,217;737;Film & Animation;2011
734;CollegeHumor;14,700,000;7,243,557,008;4,312;Comedy;2006
735;Sony LIV;14,800,000;7,238,159,509;11,561;Entertainment;2014
736;Nat and Essie;12,100,000;7,233,241,690;1,158;Film & Animation;2015
737;Oppa Huy IDol;4,530,000;7,218,319,495;782;;2009
738;ครูนกเล็ก;9,260,000;7,212,141,158;3,005;Entertainment;2009
739;CNCO;11,900,000;7,201,016,223;213;Music;2015
740;Swan & Néo;6,210,000;7,190,149,195;2,246;Entertainment;2015
741;Saregama TV Shows Tamil;6,830,000;7,168,027,803;15,029;People & Blogs;2018
742;David Dobrik;17,900,000;7,165,826,986;536;People & Blogs;2014
743;DEL Records;10,400,000;7,152,878,675;263;Music;2009
744;ChristianNodalVEVO;1,740,000;7,151,710,911;127;Music;2017
745;SBS 뉴스;3,450,000;7,146,359,260;174,708;News & Politics;2014
746;KBS Kpop;7,840,000;7,146,115,430;39,118;Entertainment;2011
747;Justin Timberlake;10,200,000;7,137,863,419;18;Music;2006
748;Like Nastya IDN;16,600,000;7,130,784,057;488;Entertainment;2019
749;tvOneNews;10,800,000;7,120,262,764;99,608;News & Politics;2014
750;Kiddiestv Hindi - Nursery Rhymes & Kids Songs;19,700,000;7,119,393,381;223;Education;2017
751;League of Legends;15,000,000;7,109,292,985;1,345;Gaming;2009
752;TraLaLa - Cantece si desene animate pentru copii;5,750,000;7,107,458,060;1,306;Music;2012
753;SUPER SLICK SLIME SAM;18,800,000;7,097,544,390;877;Howto & Style;2018
754;Republic Bharat;14,200,000;7,090,671,190;86,846;News & Politics;2019
755;IDJVideos.TV;3,760,000;7,090,121,996;1,187;Entertainment;2011
756;FitDance;16,100,000;7,087,643,525;4,741;Music;2013
757;핑크퐁 (인기 동요・동화);11,200,000;7,085,076,516;3,114;Education;2014
758;Troom Troom Arabic;11,200,000;7,079,831,785;2,451;Howto & Style;2015
759;ArkivaShqip;4,340,000;7,067,249,499;8,732;Entertainment;2009
760;Family GamesTV;20,300,000;7,065,865,929;268;Entertainment;2016
761;Onevilage;5,530,000;7,063,515,202;3,394;Comedy;2019
762;Çukur;6,640,000;7,063,271,554;4,014;People & Blogs;2017
763;Dental Digest;13,300,000;7,055,557,435;318;People & Blogs;2020
764;PinkVEVO;7,120,000;7,051,050,244;196;Music;2009
765;Diana and Roma EN;23,600,000;7,044,382,465;499;People & Blogs;2011
766;Red Hot Chili Peppers;7,410,000;7,040,003,072;187;Music;2007
767;Merrick Hanna;8,740,000;7,036,462,879;858;Entertainment;2015
768;Linus Tech Tips;15,500,000;7,034,219,172;6,202;Science & Technology;2008
769;Eurovision Song Contest;5,510,000;7,027,443,048;6,917;Entertainment;2006
770;TheWillyrex;18,400,000;7,027,337,250;6,911;Comedy;2011
771;NTV Telugu;7,280,000;7,023,164,206;280,871;News & Politics;2014
772;Tribunnews;9,340,000;7,011,469,463;215,59;People & Blogs;2014
773;prashu__baby;8,000,000;7,008,595,950;760;Entertainment;2011
774;VikatanTV;7,190,000;7,001,794,921;19,958;Shows;2011
775;Raj Grover;9,120,000;7,000,627,658;493;Entertainment;2021
776;SML;9,620,000;6,993,472,451;526;Entertainment;2007
777;Piso 21;7,610,000;6,976,776,100;350;Music;2011
778;Netflix;26,500,000;6,970,204,452;6,361;Entertainment;2012
779;ETV Dhee;10,000,000;6,966,983,117;3,696;People & Blogs;2017
780;UFC - Ultimate Fighting Championship;16,200,000;6,966,460,140;14,289;Sports;2006
781;Diana Belitskay;7,450,000;6,966,216,189;1,455;;2014
782;TheEngineeringFamily;4,070,000;6,958,163,770;3,397;Education;2012
783;Bollywood Classics;15,900,000;6,957,513,439;1,397;Entertainment;2011
784;Smile Family Spanish;18,400,000;6,953,828,991;441;;2019
785;Nickelodeon UK;6,610,000;6,951,419,857;3,082;Entertainment;2015
786;MrSuicideSheep;12,800,000;6,950,322,948;3,447;Entertainment;2010
787;Трум Трум;14,700,000;6,949,401,772;2,314;Howto & Style;2015
788;SIS vs BRO;14,200,000;6,945,608,616;360;Entertainment;2016
789;123 GO! Hindi;10,600,000;6,936,116,497;489;Entertainment;2019
790;Migos ATL;12,400,000;6,935,974,349;99;Music;2012
791;Little Baby Bum en Español;12,500,000;6,933,178,195;1,432;Education;2014
792;뽀로로(Pororo);4,970,000;6,931,341,414;4,208;Film & Animation;2011
793;Lifetime;5,880,000;6,929,805,135;10,253;Entertainment;2006
794;elliegoulding;12,600,000;6,928,693,748;212;Music;2007
795;News18 India;16,900,000;6,921,541,012;174,72;News & Politics;2007
796;CoryxKenshin;16,300,000;6,916,841,841;1,689;Gaming;2009
797;BBC News Hindi;16,300,000;6,914,011,505;20,633;News & Politics;2009
798;The X Factor UK;9,140,000;6,900,304,130;5,319;Entertainment;2007
799;Ricky Martin;6,850,000;6,900,158,388;45;People & Blogs;2018
800;Like Nastya Stories;14,400,000;6,898,326,177;464;Entertainment;2019
801;The Beverly Halls;6,540,000;6,884,370,161;3,653;Entertainment;2014
802;littlemixVEVO;7,680,000;6,877,085,178;241;Music;2011
803;deepesh zo;15,800,000;6,875,465,525;502;People & Blogs;2021
804;GRM Daily;5,950,000;6,874,069,242;13,862;Entertainment;2011
805;TeluguOne;9,460,000;6,866,486,762;46,018;Comedy;2006
806;One More;6,660,000;6,862,299,179;1,226;Entertainment;2021
807;Kwebbelkop;14,900,000;6,859,834,930;5,194;Gaming;2008
808;DaniRep | +6 Vídeos Diarios De GTA 5 Online!;12,400,000;6,856,617,942;12,297;Gaming;2012
809;LizAlex Fam;6,470,000;6,856,566,934;1,175;Entertainment;2021
810;Demi Lovato;17,900,000;6,853,276,608;308;Music;2008
811;Anupam Movie Songs;10,800,000;6,852,278,158;2,93;Music;2018
812;acdcVEVO;2,950,000;6,833,275,758;199;Music;2009
813;Frost Diamond;28,200,000;6,830,315,093;2,712;Gaming;2014
814;Поззи;13,500,000;6,829,421,781;3,159;People & Blogs;2012
815;Troom Troom India;12,800,000;6,781,673,878;2,329;Howto & Style;2015
816;MUSA TANVEER;11,700,000;6,775,614,428;748;Entertainment;2013
817;MBC مصر;12,100,000;6,771,527,149;43,755;Entertainment;2012
818;Hungry FAM;5,490,000;6,768,943,567;2,731;People & Blogs;2020
819;MariahCareyVEVO;3,110,000;6,767,470,822;481;Music;2009
820;Фиксики;7,000,000;6,767,263,985;1,216;Shows;2011
821;STAR भारत;10,000,000;6,761,658,280;12,957;People & Blogs;2007
822;Klem Family;4,140,000;6,761,455,448;1,69;Entertainment;2014
823;packattack04082;5,290,000;6,760,808,608;7,602;Gaming;2007
824;The Official Gummibär Channel;8,180,000;6,759,830,639;530;Film & Animation;2008
825;Mihdens;5,770,000;6,758,231,641;569;Gaming;2021
826;OneRepublicVEVO;5,480,000;6,753,928,231;245;Music;2009
827;Nadir Sailov;5,480,000;6,753,379,876;710;Entertainment;2018
828;Bon Jovi;7,560,000;6,751,846,075;231;Music;2006
829;JTBC News;2,840,000;6,750,136,700;168,699;News & Politics;2012
830;FARRUKOVEVO;5,760,000;6,735,671,876;122;Music;2010
831;MatheusKauanVEVO;4,230,000;6,731,999,972;160;Music;2015
832;Camilo;15,800,000;6,731,232,608;129;Music;2010
833;GENIAL;31,800,000;6,727,701,368;6,527;Howto & Style;2017
834;Lana Del Rey;13,900,000;6,726,323,501;43;Music;2011
835;Webs & Tiaras - Toy Monster Compilations;7,199,399;6,724,125,833;62;Entertainment;2015
836;CNCOVEVO;5,700,000;6,723,379,612;128;Music;2015
837;Ricardo Arjona;6,960,000;6,722,268,692;315;Music;2010
838;Maya and Mary;23,200,000;6,708,387,464;550;Entertainment;2013
839;Chad Wild Clay;14,600,000;6,706,776,215;690;Comedy;2006
840;Zuni and Family;17,800,000;6,698,205,496;208;People & Blogs;2017
841;Tool_Tips;7,070,000;6,693,143,744;2,94;People & Blogs;2020
842;Warner Bros. Pictures;10,900,000;6,690,081,450;2,617;Entertainment;2006
843;SORAI TV;8,450,000;6,685,002,731;1,446;;2017
844;Kuplinov ► Play;15,200,000;6,684,042,020;6,583;Gaming;2012
845;mallemalatv;8,010,000;6,671,451,319;11,271;Entertainment;2014
846;Kontor.TV;6,140,000;6,670,360,581;2,469;Music;2006
847;Jooj Natu;11,000,000;6,655,439,034;975;Entertainment;2021
848;GuiGe;8,210,000;6,647,596,101;998;Entertainment;2020
849;ARY News;12,100,000;6,644,832,705;77,656;News & Politics;2013
850;Manuel Turizo;9,350,000;6,631,602,504;139;Music;2016
851;DJ Khaled;13,000,000;6,613,234,700;59;Music;2018
852;Doja Cat;11,600,000;6,603,111,397;27;Music;2018
853;Duo Tiempo De Sol;12,800,000;6,599,895,435;317;Music;2013
854;GameGrumps;5,380,000;6,594,322,924;8,487;Gaming;2012
855;Happy Lives;23,300,000;6,589,682,125;443;Science & Technology;2016
856;Skrillex;20,100,000;6,588,400,110;238;Music;2010
857;Team Films Bhojpuri;15,600,000;6,585,430,486;19,669;Music;2014
858;Comedy Central;11,400,000;6,584,385,879;6,202;Comedy;2006
859;Collins Key;23,900,000;6,571,480,749;257;Entertainment;2011
860;NDTV India;15,200,000;6,568,378,318;87,973;News & Politics;2008
861;Milli Star;5,860,000;6,567,705,854;882;Entertainment;2020
862;Camila Cabello;16,200,000;6,563,956,443;80;Music;2015
863;Kids TV India Hindi Nursery Rhymes;13,700,000;6,558,117,605;1,448;Shows;2014
864;EdisonPts;14,900,000;6,556,133,457;3,694;Gaming;2013
865;Rancho Humilde;8,480,000;6,549,489,269;1,426;Music;2015
866;Boyce Avenue;16,300,000;6,545,675,794;477;Music;2007
867;Chotoonz TV - Funny Cartoons for Kids;11,200,000;6,528,639,656;1,637;Film & Animation;2013
868;TwinRoozi 쌍둥이 루지;10,600,000;6,528,503,728;499;People & Blogs;2018
869;Koushal Monga;8,680,000;6,527,636,859;962;People & Blogs;2016
870;Doggy Doggy Cartoons;16,800,000;6,516,323,071;4,787;Entertainment;2012
871;Pen Movies;24,000,000;6,504,519,998;1,662;Film & Animation;2014
872;_vector_;10,900,000;6,499,702,387;367;Comedy;2019
873;Sing King;10,900,000;6,488,727,352;3,841;Music;2012
874;Ruh;11,700,000;6,488,515,347;857;People & Blogs;2021
875;Vlad and Niki PRT;14,300,000;6,469,942,033;500;;2018
876;Lyna;15,700,000;6,465,111,336;4,849;Gaming;2014
877;Marc Anthony;6,860,000;6,461,046,364;149;Music;2005
878;Sambucha;5,200,000;6,459,433,222;1,506;Gaming;2020
879;RickyMartinVEVO;3,930,000;6,451,777,320;303;Music;2009
880;Grupo Firme;7,370,000;6,449,963,161;86;People & Blogs;2017
881;Peacock Kids;9,660,000;6,445,190,238;3,06;Film & Animation;2006
882;PONGAMOSLO A PRUEBA CORTOS;10,900,000;6,440,783,301;550;Entertainment;2021
883;Talent Recap;11,900,000;6,440,065,594;5,408;Entertainment;2016
884;Binge Society;7,490,000;6,437,812,690;7,546;Entertainment;2019
885;A&E;9,560,000;6,437,661,638;9,463;Shows;2006
886;Wisin;7,560,000;6,433,879,420;21;People & Blogs;2018
887;Dan-Sa / Daniel Saboya;18,400,000;6,433,449,273;2,803;Music;2007
888;Entertainment Tonight;6,130,000;6,424,063,038;39,354;Entertainment;2006
889;DC Kids;6,830,000;6,423,009,816;1,998;People & Blogs;2015
890;Brent Rivera;26,600,000;6,403,083,697;546;Comedy;2009
891;sagar kalra (Shorts);15,500,000;6,402,110,629;446;People & Blogs;2017
892;infobells - Kannada;13,800,000;6,402,053,070;419;Education;2014
893;Луномосик;13,100,000;6,392,581,757;590;People & Blogs;2015
894;AzzyLand;13,400,000;6,390,583,020;1,73;Gaming;2015
895;Warner Music México;4,610,000;6,386,757,733;3,335;Music;2007
896;Kanye West;9,250,000;6,377,482,099;11;People & Blogs;2006
897;STEVE AND MAGGIE;6,080,000;6,377,435,753;405;Education;2014
898;옛드 : MBC 레전드 드라마;3,470,000;6,374,644,545;45,101;Shows;2011
899;Rans Entertainment;25,200,000;6,364,327,657;3,633;People & Blogs;2015
900;TheGrefg;17,900,000;6,356,721,432;3,506;Gaming;2012
901;Talking Tom & Friends;15,500,000;6,354,293,395;406;Entertainment;2010
902;DonOmarVEVO;3,820,000;6,348,080,094;52;Music;2009
903;Daily Dose Of Internet;15,800,000;6,339,811,086;612;Entertainment;2015
904;AP International;8,860,000;6,330,226,160;23,166;Entertainment;2006
905;Wisin & Yandel;7,200,000;6,328,752,511;1;People & Blogs;2018
906;SRK MUSIC;15,100,000;6,318,971,143;5,022;Music;2012
907;PlanetaOfficial;2,480,000;6,308,720,240;3,969;Entertainment;2012
908;24 Канал;5,070,000;6,305,689,751;206,614;News & Politics;2006
909;MBC1;7,800,000;6,300,664,941;47,637;Entertainment;2015
910;SagaHits;11,600,000;6,286,479,733;2,923;Music;2010
911;Al Fondo hay Sitio - AFHS;3,540,000;6,284,864,493;11,997;Entertainment;2012
912;Lil Nas X;19,100,000;6,283,542,042;37;Music;2018
913;Panda Shorts;9,620,000;6,270,086,335;617;;2020
914;Katakit Baby TV;15,200,000;6,269,340,903;216;Music;2010
915;Synergy  تامر مرسي;7,000,000;6,265,016,176;12,539;Entertainment;2017
916;Nas Daily;11,800,000;6,263,329,306;1,192;Travel & Events;2011
917;Wiz Khalifa Music;9,730;6,253,100,455;2;Music;2022
918;Rebecca Zamolo;14,200,000;6,252,676,244;940;Comedy;2011
919;Aadishakti Films;14,400,000;6,246,356,595;4,77;Music;2016
920;justintimberlakeVEVO;6,190,000;6,241,138,278;68;Music;2009
921;GIMS;11,100,000;6,239,923,787;158;Music;2017
922;tvN;3,790,000;6,237,470,959;80,41;Entertainment;2010
923;Prince Royce;10,200,000;6,236,180,622;24;;2018
924;TIKTOMIKI;3,910,000;6,232,826,211;1,601;Entertainment;2019
925;The Young Turks;5,450,000;6,230,637,481;54,87;News & Politics;2005
926;Samayra Narula Official;10,100,000;6,220,875,752;1,012;People & Blogs;2020
927;RemexMusic;6,980,000;6,219,451,210;2,156;Music;2010
928;TravisScottVEVO;1,950,000;6,218,155,708;72;Music;2012
929;Little Treehouse Nursery Rhymes and Kids Songs;11,400,000;6,217,850,604;1,534;Education;2015
930;bradesco;4,260,000;6,217,714,177;790;Entertainment;2006
931;Demariki;5,170,000;6,216,321,832;1,954;Comedy;2021
932;POPS Anime;5,780,000;6,215,181,654;4,949;Film & Animation;2017
933;Nirahua Music World;12,000,000;6,211,427,792;805;Music;2014
934;ХАБИБ;6,630,000;6,210,524,906;1,159;Music;2011
935;Thơ Nguyễn;10,000,000;6,201,557,124;1,362;Entertainment;2016
936;RHINO;6,070,000;6,201,542,650;1,31;Music;2006
937;腾讯视频;7,740,000;6,201,108,052;43,216;Entertainment;2016
938;Akon;12,800,000;6,197,016,374;36;Music;2005
939;Las Estrellas;8,320,000;6,180,390,333;49,283;Entertainment;2014
940;Paayal Tena Short Videos;8,800,000;6,169,178,175;720;People & Blogs;2021
941;camman18;6,760,000;6,167,993,935;769;Entertainment;2021
942;Dani itss;9,200,000;6,167,810,064;896;Entertainment;2020
943;The geeta gurjar;10,200,000;6,156,445,070;559;;2021
944;Mor Haryanvi;12,100,000;6,148,159,887;413;Music;2015
945;Avril Lavigne;12,400,000;6,147,852,098;196;Music;2005
946;Kodak Black;8,460,000;6,147,082,442;462;Music;2013
947;디글 :Diggle;2,680,000;6,143,189,689;29,874;Entertainment;2020
948;まいぜんシスターズ;2,760,000;6,139,379,930;1,579;Gaming;2015
949;5-Minute Crafts FAMILY;15,600,000;6,137,154,685;4,133;People & Blogs;2018
950;SVF;10,600,000;6,137,088,353;2,581;Music;2006
951;EllieGouldingVEVO;7,450,000;6,136,144,757;153;Music;2010
952;DeGoBooM;16,900,000;6,135,550,026;4,494;Gaming;2014
953;Little Angel Bahasa Indonesia - Lagu Anak;11,300,000;6,129,147,065;498;Entertainment;2020
954;Lil Wayne;12,000,000;6,119,704,719;276;Music;2013
955;ZAMZAM ELECTRONICS TRADING;16,400,000;6,114,516,733;14,272;;2020
956;Mark Ronson;6,740,000;6,112,901,337;20;Film & Animation;2007
957;prenses elif;3,450,000;6,109,295,385;6,305;Film & Animation;2016
958;AlJazeera Arabic  قناة الجزيرة;12,100,000;6,107,036,779;166,112;News & Politics;2007
959;Marah Tv;9,390,000;6,106,412,377;448;Music;2018
960;Nick Jr. en Español;8,780,000;6,098,749,276;1,126;;2021
961;Ali-A;18,600,000;6,095,884,902;4,104;Gaming;2006
962;The Royalty Family;21,000,000;6,091,138,252;724;People & Blogs;2017
963;GNP Music;11,200,000;6,087,436,623;900;Music;2009
964;MY FAMILY;15,600,000;6,082,562,356;265;;2019
965;The One Shu;6,020,000;6,075,086,635;818;People & Blogs;2011
966;AngLova;4,200,000;6,073,834,592;2,786;Entertainment;2021
967;CalibreCincuentaVEVO;3,090,000;6,069,782,101;275;Music;2011
968;Shalimar Telugu & Hindi Movies;8,040,000;6,061,867,890;81,056;Entertainment;2013
969;Rooster Teeth;9,100,000;6,060,437,759;9,032;Film & Animation;2006
970;Sidhu Moose Wala;20,800,000;6,058,651,919;113;Music;2017
971;TheDonato;30,300,000;6,047,803,959;2,953;Entertainment;2015
972;Top Channel Albania;2,380,000;6,042,499,939;338,483;Comedy;2011
973;Underwater Tori Shorts;5,500,000;6,041,914,706;1,655;People & Blogs;2020
974;5-Minute Crafts PLAY;20,000,000;6,035,069,049;5,321;Howto & Style;2017
975;Neetu Bisht;9,650,000;6,033,878,019;1,052;Entertainment;2011
976;theRadBrad;13,300,000;6,031,123,338;8,15;Gaming;2006
977;Khalid;9,370,000;6,030,615,266;33;People & Blogs;2017
978;MikelTube;8,900,000;6,026,060,053;897;People & Blogs;2015
979;Pentatonix;20,000,000;6,017,416,309;268;Music;2011
980;MiawAug;19,900,000;6,005,229,814;3,665;Gaming;2014
981;G-Eazy;8,530,000;6,004,032,557;305;Music;2009
982;DrossRotzank;22,900,000;6,000,423,173;1,586;Entertainment;2006
983;Telemundo Novelas;10,100,000;5,998,626,947;15,339;Entertainment;2012
984;KSI;24,100,000;5,994,744,104;1,252;Entertainment;2009
985;Три Кота;6,630,000;5,984,497,882;1,018;Film & Animation;2015
986;Logan Paul;23,600,000;5,984,392,209;718;Entertainment;2015
987;MileyCyrusVEVO;10,000,000;5,982,867,241;140;Music;2009
988;승비니 Seungbini;8,510,000;5,977,613,870;627;People & Blogs;2021
989;Heidi y Zidane;12,600,000;5,977,277,958;581;;2019
990;Martin Garrix;14,600,000;5,973,142,320;360;Music;2011
991;Wish 107.5;14,100,000;5,972,122,930;1,794;Music;2014
992;OGGY;11,600,000;5,970,083,626;1,054;Film & Animation;2014
993;Shemaroo Comedy;18,400,000;5,954,271,146;4,334;Entertainment;2007
994;Eliot Channel Mx;10,000,000;5,948,877,975;6,973;Entertainment;2015
995;FatTV;6,780,000;5,945,097,341;582;Comedy;2019
996;Monde des Titounis;6,580,000;5,943,941,261;1,099;Film & Animation;2006
997;The Beatles;7,370,000;5,931,648,353;281;Music;2005
998;Surfnboy Shorts;3,930,000;5,927,849,027;2,653;Entertainment;2020
999;DJKhaledVEVO;4,920,000;5,923,952,559;129;Music;2010
1000;Dr Ryan;10,300,000;5,923,633,112;1,063;Education;2020
